,Duration,Signal Run 0,Background Run 0,Signal Run 1,Background Run 1,Signal Run 2,Background Run 2,Signal Run 3,Background Run 3,Signal Run 4,Background Run 4,Signal Run 5,Background Run 5,Signal Run 6,Background Run 6,Signal Run 7,Background Run 7,Signal Run 8,Background Run 8
0,1e-08,2.677030853327017,2.676409564085675,2.1964340060187624,2.1963002781816248,2.0463416968994497,2.0466711362616117,2.494874878999629,2.4952731112627378,3.659166863185369,3.6598385028431077,4.184288211946427,4.1849737360715045,4.354463716779993,4.3553268684525195,3.534172008773219,3.532786283256361,3.593405537066447,3.5936067620948378
1,2.3355704697986577e-08,2.6516148542426397,2.652820483070103,2.197197970802154,2.1970974757344672,2.0510726146306193,2.052074769358956,2.520387510216196,2.519988106701397,3.6899640453952074,3.6889750847778386,4.180314749604853,4.180551378739252,4.330256072418342,4.331643626810494,3.5252715436570523,3.5256251432914323,3.5901818758883186,3.5919410349815712
2,3.671140939597315e-08,2.6413002163935335,2.641730713198823,2.196365837921917,2.1964019442572202,2.0463430240949334,2.0463847838100797,2.530831877631492,2.5311933475861723,3.6405593939484824,3.6405088417293765,4.217666323869046,4.218147218266732,4.315494461894938,4.314716641635319,3.517200892702744,3.51646280305802,3.5617655755732063,3.562246781601444
3,5.0067114093959735e-08,2.635077563363375,2.6359765375560613,2.18666737320498,2.186347569386305,2.046892943796553,2.0467880916352885,2.5525915677718203,2.552798305083574,3.65488984186417,3.6553230567648645,4.231004983662039,4.230640936004655,4.383947562442179,4.38397019076896,3.5173963596687403,3.517796186009628,3.5683442710138595,3.569542030789001
4,6.34228187919463e-08,2.62523688309778,2.6255342923326483,2.1755006651340567,2.1759739678851577,2.0455796211813246,2.045989097369098,2.556470460319722,2.55556200673401,3.649145074278705,3.650442954388228,4.2180426000651545,4.2187247977063285,4.353075064307348,4.3538506199181155,3.5287346115464593,3.527686587317982,3.5703465056335366,3.5691982205427784
5,7.677852348993289e-08,2.6240039400828796,2.6236275560220403,2.1775957088501547,2.1776075308141882,2.0462101243061395,2.046388157458202,2.578868965193894,2.579842635353611,3.661046902561979,3.662577272633332,4.240918787858132,4.241085499399278,4.283455623210744,4.283435070401193,3.505894958167206,3.505600234640253,3.543419752806183,3.543106038970039
6,9.013422818791946e-08,2.6261763362466803,2.6264956248272773,2.175973373866592,2.176064045835229,2.0451799370422186,2.045245715639796,2.5825179140760373,2.583986626062292,3.682181118726684,3.6823543735167856,4.254826456908152,4.254996853969872,4.330978599462657,4.332304420606727,3.476831904464797,3.4776790002598843,3.5566700945895064,3.556724863256035
7,1.0348993288590603e-07,2.589077017409007,2.5887604929794086,2.1742360666316025,2.1746886144465383,2.040835944591835,2.0415432983278237,2.623583142495078,2.623380278302723,3.6645984994018996,3.664361402183013,4.216779763037597,4.217608947677068,4.320295329295955,4.319557519348398,3.5351458029896348,3.53389054168792,3.5667704918661767,3.565153244236952
8,1.1684563758389261e-07,2.581498358576064,2.5819005731510623,2.1831421592324647,2.1836059825000755,2.043064684323904,2.0430805824065623,2.637888958247055,2.6376466300454187,3.703849308924521,3.703937451459766,4.216001008503391,4.217891196795222,4.260015255132457,4.259882713888203,3.5110849207122157,3.5124644152265994,3.5469698936402922,3.547951311500743
9,1.302013422818792e-07,2.5776772505437786,2.577775387493834,2.1745206384285525,2.1745158127067485,2.046095120627619,2.0472416071072024,2.6888481736529966,2.6896576786138113,3.679755683481874,3.6806182563822585,4.216577870907958,4.21507376689838,4.240754151657589,4.242478471634876,3.5203708342358397,3.521283037367335,3.567521627414241,3.5688932507611413
10,1.435570469798658e-07,2.5737661716125024,2.574817723501859,2.1654977001245603,2.1661817222338233,2.0463466785215743,2.047081033930913,2.6982874512209607,2.698832014506544,3.683657227255698,3.6849830310161233,4.214544547948772,4.214519138601506,4.281904155041037,4.282087576578474,3.535994788116779,3.53583636954717,3.5041076089499343,3.5062600343663495
11,1.5691275167785235e-07,2.566216579098414,2.567625837279316,2.1576420654280786,2.156878022073987,2.0444839213210555,2.04569915362168,2.7230499599779234,2.7230407616492545,3.6965577697382583,3.6971142963963763,4.198299829709177,4.197956755749153,4.253767243446924,4.25505514593169,3.5214935727740007,3.5226738411174026,3.533421930288564,3.5330514485172535
12,1.7026845637583893e-07,2.5755360560345313,2.5758696027951555,2.1510612887745237,2.1515494119049463,2.045248261203738,2.0464190632886288,2.743966388006509,2.743930718807434,3.710537232482968,3.7117272620831603,4.221579363641558,4.221442933459587,4.255204532507811,4.2568455046787905,3.5084203519691006,3.5085317167670946,3.5163394425107435,3.51638960412081
13,1.8362416107382552e-07,2.5529469486046623,2.553857807364054,2.1547548051375904,2.1553922731258672,2.049285989658808,2.0503057915834755,2.7463315146816183,2.746338745451125,3.703125045584025,3.7034109147024834,4.225459723263205,4.225677955284737,4.245261053234294,4.245884983382014,3.5083517472982035,3.509747514731364,3.5039006924815976,3.503522948889871
14,1.9697986577181207e-07,2.553111004514985,2.5527858285338154,2.1532268584443353,2.154219643120598,2.0407023571784317,2.0415556668235686,2.7342205340404937,2.7347874920937234,3.711866039415283,3.713292650768868,4.185470367587225,4.187805030354413,4.263111115609197,4.262439803298491,3.5327650175992065,3.5335021545343386,3.5402660967026662,3.5394988499989757
15,2.1033557046979866e-07,2.5462030953517707,2.546560598600356,2.148588486084031,2.1483194217370474,2.0322110204183295,2.0322415046715205,2.7544754766950383,2.754841975403294,3.7159542816702613,3.7155217380146146,4.182563193605638,4.183329832035336,4.239956606279115,4.241309928543806,3.5272941726457145,3.528709055121588,3.5412935365074123,3.5401244029696564
16,2.2369127516778524e-07,2.5430814692174173,2.5442081541937447,2.1400174083257206,2.1415376708330194,2.0370373422560317,2.0379997830344463,2.7709552524277106,2.7716600770058566,3.707546700545383,3.7091685712277447,4.174345418433178,4.174896276843447,4.19364296327303,4.193580744632907,3.5770119374191798,3.57569412960513,3.521172178807255,3.5212422363522355
17,2.3704697986577183e-07,2.530833454418795,2.531295809914791,2.1381058005241753,2.138014207123536,2.0427219392796445,2.044059202283162,2.75423727064379,2.75461752788446,3.7341274790690013,3.7352739842643614,4.200644099863247,4.201675258697609,4.200875065930483,4.200317054615037,3.5713372135999775,3.572568518651583,3.5207347698476323,3.520854317540845
18,2.504026845637584e-07,2.5269336977517587,2.527920298681092,2.1415682794320423,2.142283800982012,2.0466206616110196,2.0467045245485918,2.7817448695731253,2.7815893556894413,3.712912328067913,3.713181143231554,4.1989783233082445,4.198416392278226,4.210939991791427,4.210702051244604,3.586394795231229,3.5870515203060043,3.519069034280423,3.518927075817658
19,2.63758389261745e-07,2.523365396502657,2.524114385515632,2.1422915469384667,2.1428301753143963,2.042790200972128,2.0432706092862802,2.7624939719210357,2.763640412583144,3.7500559586561715,3.7501846426311634,4.1608326891162175,4.161209277883521,4.199242084116933,4.19916128215508,3.6079076424223966,3.609401297169539,3.508116805897215,3.508441639158145
20,2.771140939597316e-07,2.5187866474135303,2.5187161369015616,2.132730480056404,2.1336648573358845,2.0350715752704582,2.0359426258187994,2.7852919631074795,2.785177006727419,3.7245532240888126,3.7252896272960987,4.171478449952905,4.169779336118591,4.202848477738332,4.20443949088746,3.6341182034215556,3.635037872010413,3.501762606079909,3.503181127175846
21,2.904697986577181e-07,2.515992119199761,2.5157485728972735,2.130637638353208,2.1315242590816954,2.0259047278363234,2.0269433324925186,2.767644805442055,2.7680113666178547,3.747064280833074,3.7474185521445453,4.166076686652557,4.16611700952777,4.17649963671197,4.176547799551921,3.670212135833178,3.670218632324854,3.481522705998867,3.481831890644912
22,3.038255033557047e-07,2.5052907907673054,2.505689007362325,2.1270239401902225,2.1280770687123924,2.038310372369041,2.038665064325687,2.7837839282975043,2.7849796093634875,3.7274078054169113,3.7284324821206507,4.144780507137621,4.145566698103989,4.169639055304757,4.171184294443198,3.665429547232316,3.665842241618609,3.4894028254691336,3.488823435783089
23,3.171812080536913e-07,2.49668399236836,2.4968219056408785,2.1247268596216227,2.1254155823828635,2.032304081690891,2.0332387086764565,2.803415176539619,2.803491480913585,3.738021110110792,3.7384045384597506,4.124476204368082,4.125067104898868,4.111485725074592,4.112773361223762,3.6943425460078876,3.6952628857688623,3.4813667539114164,3.4817855384543233
24,3.3053691275167786e-07,2.4909511823220134,2.491853467250034,2.123903971273309,2.124918276081899,2.0313975654065732,2.0323251804596794,2.8184640982333904,2.8194728442898973,3.738650242266305,3.7391579501696985,4.130189677639476,4.130852837862479,4.154754714587828,4.153839168575004,3.681028536367749,3.6816449854152116,3.4588025729292124,3.4585968190462846
25,3.4389261744966444e-07,2.467922163592949,2.469172534624606,2.1255659418965966,2.127068198076242,2.0377648728645923,2.0385286661859334,2.81863757343732,2.818563267839539,3.7296490362467893,3.728703693565473,4.15224559856964,4.1518796453941915,4.144401678067813,4.144508014095123,3.696471291335759,3.6966317712813805,3.4705762886840152,3.470808965876408
26,3.57248322147651e-07,2.474362701897958,2.475006417016274,2.110891451177253,2.1120777454109847,2.0311275483964555,2.0323433116546585,2.844024467826659,2.844542982130754,3.7641577527783205,3.764169106443193,4.086688430524732,4.087730646388595,4.1273261539677275,4.12732618522985,3.6753685127274816,3.6749359536833706,3.469596301581179,3.469903643779823
27,3.706040268456376e-07,2.471348927049659,2.471760621100167,2.105768235806986,2.1062840790513224,2.0279307294664117,2.028945908695706,2.8408783525743355,2.8409922313453766,3.7321946621310076,3.7324514364276298,4.113987430017303,4.114668674544955,4.14911137684515,4.149201361756047,3.673667500988439,3.6736161205810522,3.4383258941222556,3.4388366627146025
28,3.8395973154362414e-07,2.464331154416274,2.464664685547659,2.108174618579031,2.109079354933131,2.0263999571008715,2.0268940458923077,2.859565513080752,2.8600498575191917,3.7491937124719805,3.74963467376689,4.111877261649469,4.112069366766491,4.110138165393932,4.110148706360598,3.6903745821814913,3.689409889749626,3.4755993064600297,3.4760372220584745
29,3.973154362416107e-07,2.477138645468017,2.477464133909272,2.1109544185136464,2.112786114074616,2.0358181896862835,2.036690739421579,2.875774276204282,2.8755610891563372,3.725617216056852,3.7249388141501725,4.083091678010981,4.083586002737678,4.1051561656601,4.106738213903087,3.683257950487629,3.683721868956233,3.482976549640364,3.483014577143669
30,4.106711409395973e-07,2.4762997347743165,2.4775289136242127,2.105123427211197,2.1050635517732172,2.0303824328734543,2.0314828805930856,2.9149818378502106,2.9146850374782844,3.721515759915847,3.7213136139206844,4.077461311425629,4.0783332704420365,4.071522659425181,4.071025897740918,3.698066683982076,3.698647651441746,3.49569073226507,3.496795805288034
31,4.240268456375839e-07,2.48393871893263,2.4840240655064045,2.103590670813576,2.1045353708752113,2.029632663576501,2.0300266321508054,2.908697497004857,2.9094389434752332,3.745450360028634,3.745770852099557,4.048563730183198,4.048636427866123,4.069632759434383,4.070361979325293,3.7091111465045064,3.7087901548385176,3.4652035066516844,3.465435949876372
32,4.373825503355705e-07,2.48029594024281,2.480347085789765,2.1025883916095713,2.10317585415769,2.0351791295342636,2.0359269780409655,2.9275738911068117,2.9281899332946955,3.7392174195409438,3.740728346795474,4.05125364924898,4.051616260539758,4.076013069368541,4.076703355709829,3.653809849149714,3.6534021055986172,3.460423547188491,3.4611259367540237
33,4.5073825503355706e-07,2.4761786099202,2.478101384390708,2.0975707145048132,2.0981968289347495,2.0470276710707216,2.0479910645600885,2.942277554738241,2.9430324942936363,3.7745532417709473,3.7733356011796686,4.034308842731349,4.036657419678891,4.076372124832731,4.077911476148932,3.7192769468049818,3.720144517202852,3.442557998505193,3.44294584610632
34,4.6409395973154364e-07,2.467546481380052,2.46686459839331,2.0908380331663072,2.0909574246915263,2.052854101537292,2.053429820076914,2.981618615786357,2.9826744630209188,3.7474277050581355,3.7471974791018625,4.054025397318539,4.053667549744516,4.087234901248546,4.087751620423128,3.6905350950557025,3.691451780673306,3.468564802439566,3.4687249697382927
35,4.774496644295302e-07,2.473187432436393,2.4742724355351604,2.097230124833219,2.0981579741954257,2.074980371456931,2.0761708821212292,3.012913946164346,3.0135425289907816,3.749449363756497,3.7502331957620743,4.029667722259918,4.029719976868283,4.033848448802941,4.0348226518036645,3.6762629389115986,3.676425105922044,3.463981481799506,3.4653511373409156
36,4.908053691275168e-07,2.472012320007894,2.4731011806006937,2.0948733406273123,2.0952888293462895,2.0936005129568382,2.093851149265621,3.0328710492994344,3.034092686298981,3.746449162154325,3.7460826470450344,4.0289151663636416,4.029969797739673,4.035271129172724,4.036800266659194,3.6800284786670194,3.6790697365039158,3.4758772602503565,3.476061462123836
37,5.041610738255034e-07,2.458783592560585,2.4592273482058657,2.090976211370153,2.091969074063011,2.1029697414766915,2.1041413556689945,3.0526183433016087,3.0532101326423815,3.7643678988984006,3.76367064718846,4.011531990385008,4.012481519108352,4.001066274327647,4.001733650331269,3.6660768793506677,3.666101382049388,3.5052533149228564,3.5052918731665392
38,5.1751677852349e-07,2.467743723027909,2.4683226588760667,2.0914008670234767,2.0917941796732715,2.10500751893658,2.1056550598105996,3.066765624151412,3.0671627635234793,3.7599254159468503,3.761371048787643,4.020246289751594,4.021302826218251,4.007468392138327,4.0066722377011095,3.6977109999524473,3.697690775910121,3.4789278466207034,3.479346225208511
39,5.308724832214766e-07,2.4552029696950535,2.455586678105577,2.0828675360947275,2.0837738809163837,2.1181291547212244,2.1194522689132484,3.119102539592223,3.120184123853773,3.7942879896507673,3.7945248212145963,3.9931658790496782,3.993096226907996,4.0403315929870205,4.04094583972965,3.696988948128565,3.6981468066315726,3.4709720519120753,3.470691571322774
40,5.442281879194631e-07,2.458436397175947,2.459321050480607,2.078124203076022,2.079062953080453,2.1361345983671445,2.136616568405838,3.113780545345568,3.1146310765133163,3.7955179864529587,3.794760999862064,3.981589855565057,3.982435234910332,4.01711900909352,4.018784233642696,3.6613752515673945,3.6626921064384392,3.4572322941513516,3.4582822076279016
41,5.575838926174496e-07,2.4598083290671724,2.4601093926241737,2.0866682619050927,2.0875374071212724,2.141380173568564,2.142464957606834,3.1317035585304485,3.1314730834073568,3.843852211047207,3.8442987006634146,3.997795807150003,3.998395406057906,3.9690812982556998,3.970331485351196,3.6772340008718647,3.6763790803951983,3.439779389589263,3.4405445900797154
42,5.709395973154362e-07,2.4564277915815254,2.4563888272983374,2.084083033560263,2.0850670102751963,2.140550132827444,2.1404679720934965,3.1698106685126515,3.169999134108389,3.8632301753919527,3.863441770228343,4.017091769339059,4.016661708830047,4.0021554148746015,4.002884931314849,3.63461849430672,3.6345542304797096,3.4704201862676376,3.4708415791784173
43,5.842953020134228e-07,2.4407118303196444,2.441702757049015,2.0796909563907726,2.0792660818762405,2.138609041232167,2.1393350103776427,3.154890406747963,3.1548607346404878,3.878212257181596,3.87807973149381,3.9659667304233546,3.9668939576761906,3.9853153126928693,3.986323513488258,3.6452175703841103,3.645101286141554,3.4499678713075896,3.4510331209169105
44,5.976510067114094e-07,2.4441335198262424,2.444092775183376,2.0718790031477887,2.0735136597004957,2.1362374679559486,2.137003119799118,3.1697450951283566,3.170419029535425,3.907844211026932,3.908092755283008,3.985996173795621,3.986859090794346,4.002446111228144,4.003511471179941,3.667471583524071,3.6669340625211766,3.4491434504125174,3.4499397132221152
45,6.11006711409396e-07,2.4359798324608657,2.437382703029368,2.0677644699960354,2.0685695701850553,2.1490818880875895,2.1494907396666,3.1661476189047555,3.167181571485902,3.953233545484952,3.9536473644346968,3.967368640025995,3.9673458706363105,3.977254800624135,3.978843392190591,3.6671128087715914,3.668392167172416,3.4463099082045345,3.4452912596846836
46,6.243624161073825e-07,2.4339604047018106,2.4346992582630045,2.0693331763318694,2.0701889222515315,2.1407102066168524,2.1408148089335683,3.169028841402289,3.1693771468404384,3.984246167427722,3.9844031495260164,3.946005754659082,3.947591816155451,3.966214207410156,3.9662077255102113,3.692348691783638,3.6915837407197816,3.4107663342754604,3.4123246114553805
47,6.377181208053691e-07,2.4402201937130252,2.44111757471703,2.0673593043151106,2.0682797044189702,2.144135705068493,2.144787478136723,3.162925869418049,3.1635696789083037,3.9633491392143703,3.9637366750043967,3.977580215682465,3.977112221250478,3.989680503544449,3.9904230137987104,3.6640960456460285,3.6656349741847176,3.4267141404029515,3.4264835711805017
48,6.510738255033557e-07,2.429449823488403,2.4295481478235645,2.069310031416946,2.070230431483092,2.1457623807235153,2.1465195057071664,3.1807715363362417,3.1810034481705327,3.9555063319645387,3.9564566570305253,3.9799745504923165,3.9801557390366784,3.9960979477598406,3.9965862131419554,3.625409170373249,3.626684265558337,3.4293442721779304,3.429505970340978
49,6.644295302013423e-07,2.4266909958916103,2.4272154598844318,2.064291043362661,2.06566363195233,2.1370192987171674,2.1367526550640474,3.1881435086710677,3.188595541923289,3.9565253600379076,3.9580301192653287,3.95508087113698,3.955189549658149,3.9207155428849694,3.9227300566446246,3.652484054330147,3.6525591251047627,3.4505061231685534,3.450422666241644
50,6.777852348993289e-07,2.415735956395801,2.416233996459195,2.0677505862001313,2.067662584766887,2.145793084185657,2.147093085363898,3.2037434379423297,3.2043427547092898,3.9579979299792205,3.9583365842410263,3.994514171727216,3.994236595428626,3.942197526990928,3.9420854905444105,3.6240901275966366,3.6247947654813246,3.4598786485123654,3.459212272018064
51,6.911409395973155e-07,2.4084958145683086,2.409583160176935,2.057675816908212,2.0582972930783154,2.1462446012473904,2.147035068390663,3.2226900990351734,3.2232477965754813,3.9714976841857585,3.972096439776545,3.980157672152898,3.979683602846091,3.9698620067156467,3.9699768535470925,3.6245490886423313,3.6254382098836997,3.4462553400863922,3.4463692659017804
52,7.04496644295302e-07,2.406650172122531,2.4071673742702853,2.063184021005729,2.0638911560893005,2.13908896532069,2.139745798301508,3.1726027114104576,3.173691979084274,3.970298749571397,3.970683489896522,3.982562550940204,3.9838318058233155,3.929144283831711,3.9284281670646517,3.6431616409230525,3.6437241021725453,3.4475369792733015,3.4468802070313695
53,7.178523489932886e-07,2.40662082731968,2.408049137795659,2.063631852019256,2.0636743769663384,2.144720653025009,2.145518756861166,3.1934715220084864,3.1944263277261613,3.9924887195508454,3.993787334793191,3.966433772162581,3.9665717322085077,3.9327625721400974,3.9339125289357906,3.6555499732705985,3.6563467517158723,3.4312340164965294,3.431243871068672
54,7.312080536912752e-07,2.393629963438956,2.394740812575316,2.061047014371954,2.0621094192634555,2.139069271911679,2.1392861599989135,3.1887199961404997,3.1881525068531213,4.003036436616901,4.004510977360579,3.9612415266339545,3.962579636612463,3.9886753125692676,3.9901593952828605,3.6286927210356725,3.6283237387328633,3.435613481127053,3.4356868341673996
55,7.445637583892618e-07,2.3905290460836377,2.3908958101512887,2.0574313959194375,2.057594952141428,2.1324199372158446,2.1336717133047873,3.2151735618794404,3.214969182714843,3.9748986733408804,3.9747623055701324,3.9603171407945266,3.9612110568072274,3.9984841965571265,3.9995118414294453,3.6281969760018224,3.6292420489312556,3.4500197090242946,3.450357598028421
56,7.579194630872483e-07,2.3793164995819205,2.3809096313336973,2.051456448280707,2.052346770076849,2.137830395977523,2.1384806698505816,3.24763424301828,3.2485276430817094,3.98246959576762,3.9840176611090836,3.9573085669567614,3.9578698724652566,4.028550458167156,4.0288377327755125,3.6106850587913155,3.610636989697018,3.4247319971040966,3.4242281622366537
57,7.712751677852349e-07,2.384036550205968,2.3841027660481244,2.0553377264870347,2.0558379370473823,2.1222524647504617,2.1231587159231005,3.2569981915238224,3.2581955290381606,3.95575141019117,3.956637643631069,3.950978520633703,3.9526648898970396,4.025140735773812,4.025217196449953,3.6219720094684607,3.6225815716520433,3.4065611353674954,3.408425271443038
58,7.846308724832214e-07,2.3906326642342584,2.3905632312831977,2.0638647637147725,2.064759676864434,2.130620349715079,2.132031262436525,3.2535811052177817,3.2538152971567667,3.9782937650895613,3.9783274664572805,3.968977405016523,3.969714402048951,4.003581614898876,4.003451400712853,3.6206020820004947,3.6210570357115786,3.4166642530614357,3.4170579569894466
59,7.97986577181208e-07,2.3796971308096766,2.3806398946876675,2.0593374276319265,2.0608554099260052,2.133094276506162,2.133963296863565,3.2792793925042902,3.280333756769028,3.9526277353187687,3.951736021011012,4.014887594492508,4.014684854733278,4.003374007620143,4.003880435540297,3.6348082669823447,3.634747532174802,3.4005943241609775,3.4011238173994918
60,8.113422818791946e-07,2.370387525504274,2.3719334315218927,2.057549787378013,2.058620203735666,2.127947088402319,2.128742974651165,3.2626924994165236,3.2635009899320204,3.9744969352050386,3.9755001704559887,4.014400729231823,4.015743369058947,4.004704927689928,4.0062331287406385,3.6033716269509997,3.6029792816417148,3.4315840855702953,3.4319402931400886
61,8.246979865771812e-07,2.367131141644825,2.3684087797575484,2.053482090177314,2.054615411625581,2.1177376217357007,2.1195550902626294,3.2562510489340335,3.2568256754771063,3.9662550072662075,3.9658542909260794,3.9791445979717115,3.979480362549722,4.020399569690909,4.0214731286283865,3.619469827321908,3.619710953591561,3.4320091952336704,3.4321047086728367
62,8.380536912751678e-07,2.343749292995387,2.3446458150987004,2.0504512165110023,2.0508991259767906,2.1154414320448116,2.1159982072862196,3.296063415593761,3.29633538509712,3.9714602070352956,3.9705771286591522,4.00963778657422,4.0108055158680695,4.009051900386824,4.011048891493191,3.6192645987457697,3.6195065838711664,3.440137586891283,3.440269644319611
63,8.514093959731544e-07,2.3510326305474574,2.3521480865932602,2.0455276014318775,2.046719892385527,2.1219236656395726,2.122300096392696,3.2984679638001224,3.2994237378792217,3.971271743320766,3.9719203326241055,3.954730380116163,3.956230500855451,4.018343468441511,4.019785713305007,3.6130981426486737,3.613969601555968,3.386081770466963,3.386085861827963
64,8.647651006711409e-07,2.352020589546718,2.352277176062405,2.0581239440653922,2.0591119811209992,2.129025704307572,2.130089389917266,3.340903143286108,3.340272857713911,3.9370908260097437,3.937274232076522,3.9324512685778275,3.9341332026606426,4.025115390931031,4.026211891287853,3.6250716790105457,3.625795978944337,3.4428679619748195,3.444102468033645
65,8.781208053691275e-07,2.3380055199590855,2.338932448222541,2.0540178760611516,2.054982487605921,2.1095714293651566,2.1102242019221293,3.357411313252389,3.3582356395543096,3.932654183885805,3.9322141439754823,3.9978046913567074,4.000524952648188,3.9956351732792688,3.9966398922386848,3.6039948379292457,3.6055027512387756,3.4723273362588705,3.4724542704411245
66,8.914765100671141e-07,2.3315507698683353,2.331789006440673,2.0503707425902196,2.0516386351833416,2.1121299216976595,2.112915953628723,3.344956310922266,3.3459156773300616,3.925870857904238,3.928061031346975,3.9963946776106867,3.9965803010620395,4.0158913767245075,4.017146279422503,3.620560088313019,3.621200540739406,3.4845972341741653,3.4847683650318677
67,9.048322147651007e-07,2.321053527798565,2.322184225966635,2.051252256607156,2.0526678229973627,2.105774278737539,2.1061345147155093,3.3705593055648597,3.3697500495191957,3.9553522650041537,3.9566879704942925,4.009112888659626,4.0093365396133205,4.021328902833021,4.022137488298733,3.5944835450872925,3.5944654450399858,3.4948629909361384,3.4951610565874485
68,9.181879194630873e-07,2.316817634491758,2.3167629595157786,2.048547183301343,2.0492773377572338,2.1066810769620985,2.107852597550281,3.373511003689534,3.37406386023269,3.926956038224987,3.9277850977114244,3.963307651735429,3.9649516989384406,4.055365748911586,4.055211343392525,3.587694326903486,3.5882697970434485,3.5513419378976936,3.5535673730040456
69,9.315436241610739e-07,2.3161422940264718,2.316513618113703,2.0484945389161897,2.0493424138526657,2.103858439600058,2.1051080136542573,3.3709973623732075,3.371775930829504,3.9277695122945566,3.929612941612577,3.9484361961587653,3.9488984900621698,4.031188250920963,4.033025183988549,3.584245805593444,3.5856178973980617,3.5677157815681078,3.5676785972018696
70,9.448993288590604e-07,2.3145617965757075,2.3156463310515596,2.053436488678449,2.053363963597259,2.1015441800445327,2.1024536951420885,3.3846336662857546,3.384987078585293,3.9031935407415235,3.903682851972649,3.9664316837700353,3.967872117224402,4.0353824633169415,4.035985420076085,3.6010331801810955,3.6010597913175015,3.5726981636704584,3.574430867530746
71,9.58255033557047e-07,2.308407111160456,2.3097863685985325,2.0473637163021117,2.048580400925221,2.090054499555239,2.0914105498292206,3.4315474378240163,3.432538412795845,3.8977134635661757,3.896606000445355,3.9832568315028105,3.984892586317999,4.018908155821869,4.020920920446918,3.561068884035325,3.5606708855844684,3.5822452457357308,3.582731261867541
72,9.716107382550335e-07,2.298776765617878,2.2998509772126607,2.052068007235381,2.0521475755029037,2.098249739609904,2.0992355434940246,3.3880734888161204,3.3888860401280794,3.923709750218293,3.924890175966938,4.0025907431334575,4.003165214045554,3.9811606834389024,3.981593321377986,3.5732495705115945,3.574040492426105,3.5796215944543786,3.5811205432912967
73,9.8496644295302e-07,2.299635728777894,2.3007378634835693,2.046080456791694,2.046972059183125,2.0978786813145467,2.099171358040578,3.4209313333900937,3.4229006964002657,3.922255558618706,3.921528822032053,3.953282468761876,3.955701712451214,4.014154877047698,4.01355135803871,3.578917445487316,3.578558317267292,3.5865831258522505,3.5878301885376787
74,9.983221476510067e-07,2.2887432380389825,2.2892954689352156,2.0400903292631565,2.041399325655402,2.092810061973797,2.093635729680535,3.399462992241502,3.3998288041971216,3.9001660699452563,3.900296362237436,3.98977828733891,3.989837944245743,4.004955590520898,4.004416304482925,3.583802888938805,3.584861704605437,3.578953806120457,3.578907408256233
75,1.0116778523489931e-06,2.2851347856478768,2.2859754145899203,2.045715129162668,2.047406990489805,2.092328169589727,2.093437690809131,3.417373378851881,3.417571339720452,3.9153267067366686,3.9163094212015297,3.9612703716883124,3.9608642052764806,4.005679440214355,4.006645507633833,3.598355504880242,3.5995625878884216,3.5895148100982355,3.5897060241966523
76,1.0250335570469798e-06,2.2929889839854893,2.2933768308428464,2.045025266694185,2.0466074814807977,2.0910189543196984,2.0927644130462997,3.4272059847100906,3.42804119612091,3.912645645321466,3.914143658036431,3.946536387455785,3.94744300063131,3.992643420687469,3.9932486886166125,3.6129407762640904,3.6141308841229285,3.5828876922722235,3.58374640759635
77,1.0383892617449663e-06,2.272637840218642,2.2733787080987,2.045013272368922,2.0466288293028194,2.0893864062094982,2.090860301917716,3.4038244202797467,3.4045587460165856,3.906094322271484,3.906561645219125,3.982318560795928,3.98367269386548,3.9802163723905615,3.980868303698528,3.57784214431907,3.578297285582394,3.5549162706008812,3.554913928076961
78,1.051744966442953e-06,2.265730887126274,2.2663703698135094,2.041616728959522,2.0427897485777127,2.083613619857959,2.084649319839105,3.415293402699038,3.4156482980889797,3.9012137795264463,3.900796228010769,4.032173030911241,4.034163463164868,3.965435874692419,3.966160221828695,3.560300610055155,3.561138429805576,3.596869633723759,3.598321247684006
79,1.0651006711409395e-06,2.264281275336553,2.2647920275609033,2.046605497951672,2.0477665550569846,2.081392953285617,2.082339277552029,3.410965609679803,3.412202661334046,3.888290440690569,3.888334855115572,4.047249181317237,4.048740604082128,3.9410908056613314,3.9435019129133173,3.5754504142235497,3.5757509635114957,3.577711225982294,3.5771008049604798
80,1.0784563758389262e-06,2.2640525650463244,2.265048160817151,2.0443484757004544,2.0452664551301956,2.076263162677781,2.0774659014631163,3.398377220925154,3.3989084013127386,3.8961401694347484,3.8965638422736446,4.045745558236701,4.045684980242475,3.9109736309054823,3.9113920258419936,3.5786351384430177,3.5796993261109185,3.5895830505494186,3.5894957984521287
81,1.0918120805369126e-06,2.2590749919827218,2.2598546523499916,2.0335507979352077,2.033839680053136,2.0865594119814026,2.0878932550070277,3.4321051327766328,3.4330712300362154,3.9023670101003836,3.902668542957428,4.016929604392017,4.018128255237128,3.9438988621083,3.9439210849699653,3.5746210424006613,3.575766828788058,3.5745920351125555,3.5741259928025078
82,1.1051677852348991e-06,2.263034698926313,2.264584633876255,2.0572006242476286,2.057794677078621,2.0857758941154603,2.0869392157122686,3.4085161675937545,3.4091717991993757,3.895556052952861,3.895803113834904,4.07018018898835,4.0722453954804765,3.9416108740568334,3.9418743323658667,3.5484208541139757,3.5493214225072136,3.5661882262500995,3.5649524075473003
83,1.1185234899328858e-06,2.2514408044540146,2.252792747738314,2.0678874372798,2.0689028820242217,2.077544501708147,2.0780482574136476,3.4133660325272235,3.4140578173744913,3.87100612305777,3.8709409684232474,4.0533280395537705,4.054156911397887,3.9240390338321673,3.9241391545323205,3.5435816162587486,3.544825664380401,3.559316696366272,3.5590678707127807
84,1.1318791946308723e-06,2.2466234451937455,2.247309341385843,2.069880815897279,2.0701756324931937,2.0766259285510067,2.077535084432092,3.429768401337596,3.429756657480936,3.8994458284818045,3.89974662761303,4.062129407370025,4.062832624726305,3.900460842570031,3.900595023940315,3.567620278727793,3.567748884456628,3.595841432405147,3.5960348334327437
85,1.145234899328859e-06,2.2378858425586428,2.2389923655887327,2.08476794625079,2.0855684550811775,2.068358929201712,2.0696941621375156,3.42983011724449,3.43022464870166,3.8738839156071436,3.8750200982729264,4.068954550707273,4.070142644740014,3.879815678896451,3.8798475846859177,3.5584199600253537,3.5584026250883225,3.5872349713121365,3.587083627284693
86,1.1585906040268455e-06,2.2366619747423764,2.2379148284537944,2.099989669883969,2.100858284246897,2.0772606167620395,2.07833707693444,3.437098054253447,3.4373161766607896,3.9129139869668426,3.913998040125481,4.0713810476121886,4.072714317614907,3.861933540435224,3.861063283704841,3.5597745376233636,3.560663924332132,3.570885304801724,3.571568969186436
87,1.1719463087248321e-06,2.2441368834481676,2.2449609896580878,2.112288183508991,2.114002377078859,2.076543174028426,2.077233770798679,3.459725817024812,3.459494841830572,3.889512485894913,3.8907187577219893,4.094269570980927,4.095439721140099,3.8982385801490667,3.898768979609848,3.5909636281076565,3.5913684672286195,3.5565766164949797,3.5565243001690856
88,1.1853020134228186e-06,2.2348095548300506,2.2365052113957584,2.1148792845705473,2.1158426624541073,2.0839739962105837,2.085562410931888,3.4849596121639363,3.485919150468525,3.9152842790658657,3.915337048669555,4.104754439616481,4.106581440546263,3.872063880006854,3.871153956444317,3.5558372712012045,3.5552671420375614,3.5616158531769275,3.561111393491357
89,1.1986577181208053e-06,2.2304962165561553,2.231418834434062,2.1188231865041054,2.1192441411867504,2.0783840991913944,2.0788711916074685,3.508361871743295,3.508300262897545,3.9128426865341828,3.9136151336852754,4.083586062684555,4.0844644395203655,3.8801444218607593,3.8821397106970146,3.5553835966726552,3.555267984319481,3.567964903593198,3.5687257469335907
90,1.2120134228187918e-06,2.222144619171193,2.2220860712387895,2.120659254956709,2.122047804154761,2.063884269272355,2.0647299578832476,3.563018616049489,3.5637190686843665,3.8810903373884327,3.88191988062736,4.134954466359252,4.136012221357064,3.8522535210255313,3.8531687855623122,3.536516294047564,3.5361590088359893,3.550968139160853,3.5523317515207573
91,1.2253691275167785e-06,2.2203612733363682,2.2205549702991303,2.1115710067498523,2.112300286677621,2.071711261960744,2.0728726313766814,3.598225846939145,3.5974186054296005,3.8904630748703077,3.8911225181282365,4.1009507826005205,4.101550757026507,3.806589654020971,3.807616767505055,3.5183497978558145,3.5184122661889115,3.5843018826298714,3.5850247921374603
92,1.238724832214765e-06,2.220318013851937,2.2210861643835336,2.1255547760731432,2.1265749059610353,2.0772777639379405,2.07885427853581,3.62806069283857,3.629076124467198,3.870554493323936,3.8718331501185843,4.098112554647993,4.0988582353677545,3.8443589142696495,3.844906945735478,3.5102775558797394,3.511610246281453,3.5376735919368314,3.5377587201711505
93,1.2520805369127517e-06,2.2165590464513087,2.2176095357645607,2.1217385729188414,2.1224631052840013,2.072938658980675,2.0734332475391004,3.660148698337505,3.6613382592000407,3.873238976900607,3.873449884452864,4.108618813949391,4.111355270250414,3.8292326001697656,3.8289326760558753,3.515113553409724,3.516376373306013,3.5561216524570276,3.555915758440883
94,1.2654362416107381e-06,2.222854018006007,2.223925215493625,2.1197404942016633,2.1206697022549585,2.0823858310048644,2.0830449596821885,3.645971011361391,3.646552259743662,3.859693808983649,3.860107424967347,4.133946211255519,4.134559896795301,3.846403311613073,3.846109415485976,3.536004910443143,3.5373688660069273,3.5525786788085787,3.552997854229036
95,1.2787919463087248e-06,2.2103364754090973,2.2113569333504706,2.119167071717912,2.1200936093144,2.0582367776756874,2.0590369273073907,3.657410385819687,3.6579473444807764,3.875112031828361,3.875715159721035,4.098904467566737,4.099865475218154,3.8000918057159607,3.8001890059608514,3.5486898069041986,3.548722462112576,3.5460304046428393,3.5463230510833053
96,1.2921476510067113e-06,2.205014267613476,2.205916723884397,2.1133470280670057,2.114278703602818,2.0629298242427305,2.064047388218084,3.67712791523196,3.6778618508032697,3.90078385871008,3.9021154414310475,4.1060723682500715,4.107041043924966,3.79213344273431,3.7925258035286453,3.5288180294469194,3.529900583198381,3.506938072400492,3.50726858987081
97,1.3055033557046978e-06,2.205532672236211,2.2067422826701484,2.1153923946197857,2.1163577559390223,2.0625132424064176,2.063361211059899,3.652081386104427,3.6532484742560265,3.870641891355648,3.8711360753863837,4.120644032187592,4.122231109239792,3.7582928515270018,3.760174291836284,3.5167909291040282,3.5174567595352193,3.545659689143131,3.5442643900698
98,1.3188590604026845e-06,2.2109299343741307,2.2112122418030804,2.118002235678699,2.1188254358945864,2.067934866513346,2.068925449063448,3.6324271559714894,3.6335214535003297,3.9167068783682786,3.9166524059499714,4.1493907727243755,4.1507085967053285,3.784638225715549,3.784585909120351,3.5095551153448157,3.51024293396474,3.5216074099403953,3.5221492095858964
99,1.332214765100671e-06,2.2068115747201076,2.207331915633797,2.1166767314369004,2.1185303063756695,2.066421928548621,2.067298616750932,3.6468548073279607,3.648068121807422,3.9205951664612977,3.9229715724772083,4.155707722996353,4.156729636860299,3.7577089646379886,3.7590942847946964,3.5108759295643024,3.5118129171155275,3.5375718424483495,3.537646444244517
100,1.3455704697986576e-06,2.204357574951679,2.2046764416798714,2.122753142953411,2.1232980961858976,2.066200667530393,2.066877162170803,3.6637988892806876,3.6643439375434435,3.8926510868708095,3.89277934910741,4.20093779104291,4.202280415877111,3.7539704960452838,3.7551483135084935,3.506804773671455,3.507925838391251,3.5045727727699973,3.505075155240524
101,1.3589261744966441e-06,2.2032555812333143,2.2041288963176324,2.112663708714727,2.1124287205833885,2.074592946302456,2.0748298084817476,3.641296771188543,3.642279126148518,3.8848169474414345,3.88462568604533,4.250700212383031,4.25197691744859,3.7526857867499728,3.7534862509541815,3.50727587368171,3.5077058715096827,3.5130628679561093,3.512937572940337
102,1.3722818791946308e-06,2.1936030296234357,2.194358108819806,2.105698568261001,2.1069039931663927,2.0611579886547466,2.0629750041909576,3.681292062468328,3.6820163156321084,3.909642950036765,3.9096355163666754,4.258469217938068,4.259588097821589,3.735551368141535,3.7368357248662067,3.481917108656503,3.4817292049944015,3.482025097273104,3.4826692817475537
103,1.3856375838926173e-06,2.1924080986601573,2.1929932031318797,2.105058804549586,2.106168341460095,2.0601415289444143,2.0601864588977303,3.6840212062298248,3.6841585104368075,3.8955693783367256,3.896686039624866,4.305291566404041,4.306155202382603,3.7660893574651926,3.7669297852043537,3.4850084456608275,3.4863350920936282,3.4723041144211684,3.471719929989911
104,1.398993288590604e-06,2.1895386565144452,2.1904435021981676,2.1141970109594808,2.1142994736867466,2.0658374958499635,2.0669942895212468,3.6648684159594542,3.66531036072297,3.891729081089208,3.8927304112945755,4.361674656222196,4.362315499586156,3.755607788964606,3.7566733361047837,3.490629805329327,3.491095722036765,3.495040334339798,3.495625470893919
105,1.4123489932885904e-06,2.1887192671735147,2.189149357820554,2.1106638024609126,2.1119613985715637,2.066932274656602,2.067585953006301,3.6598903651527035,3.6591743110082002,3.913329345625063,3.913662424550372,4.405965568305492,4.406353588983263,3.740731106917587,3.741292630661754,3.4876377043264757,3.4882238720008223,3.4983411980635735,3.499597318111606
106,1.4257046979865771e-06,2.191593456194657,2.1924688951754763,2.112088676841092,2.113497278190087,2.0734039975195513,2.074935691517825,3.6773255635217006,3.6768979238060515,3.8887427335066707,3.888778496165143,4.465769163768705,4.467503667101461,3.7123357748259864,3.71171067393789,3.495337823013229,3.4963900791974307,3.485481181084369,3.485815353339372
107,1.4390604026845636e-06,2.1842283970420286,2.1846771186590184,2.1064780413324353,2.106778854871204,2.065594074251784,2.06672413179452,3.657055042932066,3.6575441197531924,3.8997411787908653,3.8993850177929548,4.497793046231251,4.498954577020306,3.6900164316062116,3.6906825273302855,3.4926291062120245,3.491889876841476,3.501826188155608,3.5010091235688
108,1.4524161073825503e-06,2.175473522403241,2.1768176415113385,2.111600132368783,2.1125617300080544,2.0629759877263036,2.0645122262679694,3.660986660467556,3.6604959593261506,3.910369896394266,3.9103737225955983,4.558579254162676,4.5595580179053785,3.7190898703762576,3.720133022420437,3.498916628643535,3.4995891586653407,3.4676327004673344,3.4677070995506707
109,1.4657718120805368e-06,2.1879854578557416,2.189586694345202,2.1063936623652544,2.107859999566992,2.0676952245201443,2.0691105409983988,3.6648922132366444,3.6650745258871824,3.894907178680552,3.8963895279089447,4.585313891694546,4.586221536904483,3.697051989643919,3.696861103465518,3.516099698379374,3.5164555308570984,3.46193534498699,3.463511503917758
110,1.4791275167785235e-06,2.185528693829463,2.1869573786991783,2.10276700199206,2.1033988166141966,2.0690629716174818,2.0707862074023216,3.6649755617525703,3.6651441626141685,3.9206386352660076,3.9218172806302873,4.5901468547826045,4.588425204781801,3.7020387129460612,3.70321651427178,3.502437469158098,3.5036529538981953,3.4809956296447986,3.4820025342859413
111,1.49248322147651e-06,2.1828601645473102,2.1841108787016683,2.109192030655048,2.1101991203747783,2.0601551315661526,2.06100558336574,3.6648259355171446,3.665236943324087,3.9293690968765875,3.9305531300328798,4.564119980425702,4.56498992510305,3.667828069259833,3.6690482085009064,3.4978360742164396,3.4985831278463797,3.4705976668523317,3.470785179820234
112,1.5058389261744964e-06,2.180909092960643,2.1818199668386913,2.0958015181999192,2.096401005759799,2.062729911541527,2.063454287721377,3.647628256537614,3.648180207654509,3.9164692939635954,3.917143198269169,4.585306442660778,4.587406024821216,3.6752949509195343,3.675713002410754,3.5196181921632306,3.520669074116886,3.4756803591723977,3.4768235059647616
113,1.5191946308724831e-06,2.173245890155623,2.173627568199906,2.09105351555073,2.0917654450697833,2.0624541478955427,2.063063208564398,3.659318974065366,3.659161804825616,3.919807269331155,3.920228022400949,4.590127555563481,4.591155014557778,3.6947955195426685,3.6961387203413847,3.4784385455792375,3.477602693387975,3.4873461321131596,3.487617570592719
114,1.5325503355704696e-06,2.174324411948424,2.174483158199517,2.0889167900481427,2.090215666742141,2.0574066903597914,2.0589038865569704,3.6619924712806218,3.6630045923521393,3.912117909326102,3.9124563453685375,4.615955843771622,4.616033850010714,3.6788134920766673,3.68040853243475,3.4777587027145316,3.4781279036742956,3.453938424667812,3.455562074710321
115,1.5459060402684563e-06,2.1776125281049694,2.1786742147512634,2.0846929066756643,2.0855943790410567,2.0642999449330115,2.065411308906346,3.672087740195162,3.6726949284709436,3.899857137518323,3.9012144883922004,4.633597590704473,4.633548646881995,3.6967653331095827,3.697336555263914,3.5010483885886265,3.5026083837602418,3.4507709456250057,3.450849139850813
116,1.5592617449664428e-06,2.1757275474705473,2.1767787707770303,2.089748281823469,2.090518790545281,2.0625384952653656,2.063416963843479,3.687037450373724,3.686959787107051,3.9343611829874985,3.934251254876692,4.662559499843712,4.664273124129455,3.648883169355188,3.648647586757176,3.5374366314629633,3.5384863109021607,3.4457812274492317,3.446052119360013
117,1.5726174496644294e-06,2.1826108396057156,2.184628548706776,2.089863582398692,2.09157622992621,2.073724847418669,2.074095640445905,3.6685379235791973,3.669364295966906,3.95257215063947,3.9529979946419176,4.669557404103801,4.669145270802257,3.6659354993458897,3.6662768080247408,3.5602845969852353,3.5613248745337973,3.443128655686332,3.443824750755907
118,1.585973154362416e-06,2.174167805654794,2.1746580838783616,2.087935389795087,2.088526100598497,2.0521663628554023,2.053538701463571,3.6489796527587197,3.6498545780300535,3.9439786706703117,3.945330789625553,4.67220715576855,4.672365668598282,3.6288705759932323,3.630057919671277,3.540251561004156,3.540939082847056,3.4495667180384966,3.4495519288642345
119,1.5993288590604026e-06,2.1763575351641586,2.1773761191039593,2.0825104077406422,2.0834710682967024,2.0623658492259747,2.0632808614113123,3.661386859711579,3.6628552618454413,3.9325813144720074,3.933686887835794,4.671866704109443,4.673901242560356,3.6227552323912913,3.6228407666168585,3.586261098416058,3.5867968233647325,3.4445788546820046,3.445958630016465
120,1.612684563758389e-06,2.1700040933303915,2.171795185005464,2.07626264740716,2.0768150498343814,2.0593618373854077,2.0608124013374036,3.648778147156733,3.6491654637752378,3.9532037943751246,3.9536538447092737,4.650719117539556,4.652133004073924,3.6099875456141852,3.6103310096358756,3.5954673420058745,3.594853594731404,3.465014373046733,3.4654972340773953
121,1.6260402684563758e-06,2.1778988957236405,2.1794533282070954,2.0778039770545607,2.0793225528701975,2.058313815977593,2.0595543164402494,3.6577693439251293,3.657972036607149,3.9352746280172126,3.936478463292992,4.616528388722662,4.617139482353694,3.6084292886705174,3.6087997079776652,3.6297649854594436,3.6299949919815817,3.4601650579669694,3.4592875245401125
122,1.6393959731543623e-06,2.1764358222997937,2.1776097478982317,2.0816537713505427,2.0828811536061895,2.072121596473318,2.0725917756937964,3.673264868873434,3.674266994899133,3.9468528528889504,3.946556551663138,4.625624297846253,4.626922555841056,3.643745795751583,3.6446237513336555,3.6379220979209554,3.638774207320634,3.43268199499637,3.432837258965055
123,1.652751677852349e-06,2.180077599785296,2.180929035560839,2.084560911843606,2.0857291996724454,2.0666084568153407,2.0678015755288777,3.6630872830253094,3.6637157414931347,3.9202853072659796,3.920719256535462,4.686119387973115,4.68752993231073,3.647616555958708,3.648612497621318,3.638461161758638,3.640159695737087,3.450327186573953,3.450836908787383
124,1.6661073825503354e-06,2.176939500033125,2.177770165219678,2.0786974222027674,2.079718660838778,2.0574723749765265,2.0585726509402806,3.654190992422156,3.655397279420722,3.971474640753625,3.9718854771420906,4.618501515514733,4.61867683138891,3.6487714313854056,3.6496345822523653,3.651671004167136,3.6538892401556566,3.421499158026895,3.421529611336574
125,1.6794630872483221e-06,2.16328185896416,2.164704000341751,2.07519199655441,2.076216389891134,2.0636407852636136,2.0639778925331886,3.651291140619559,3.651665495108413,3.9551073944061717,3.9551733447898716,4.600278907937166,4.60064723548825,3.638140922411804,3.6388289447180084,3.6408230531231833,3.6419636240940716,3.4489776790386757,3.449197269023783
126,1.6928187919463086e-06,2.1692584318399906,2.170517969589228,2.0666906649539247,2.067383651052634,2.0597192935722,2.0604424827759953,3.651223486432853,3.6519692286520002,3.964256297529214,3.9643035385580507,4.587205569244136,4.589921054336001,3.6048720581828646,3.6050784050947566,3.6281945024478337,3.6286930117818135,3.4442157140717855,3.445204408807119
127,1.7061744966442953e-06,2.1643416869004586,2.1652021961320758,2.0731915439290582,2.0744606859612538,2.063900213488756,2.065717635037875,3.6274034101394252,3.6271727788875294,3.978296853716677,3.9775636203017486,4.622023766585262,4.6224894344224525,3.616068613089332,3.615898996812893,3.6397971033884127,3.641475132215444,3.4456866944641114,3.4463050797274204
128,1.7195302013422818e-06,2.172710337707953,2.1738413637055665,2.0747537229214656,2.0761570925055657,2.069424316193364,2.07018175343273,3.6524991871158536,3.6525604837803476,3.9465148574721542,3.947966800304684,4.614348269947863,4.615228397694671,3.6094831061448254,3.6093542661071663,3.669768353787052,3.670081036448933,3.448355727605502,3.448132498699165
129,1.7328859060402682e-06,2.173962192142906,2.174768588646201,2.071882313545356,2.0740862075869724,2.064756444050781,2.0659362882585572,3.660351779569174,3.6602202847986876,3.9550952406275037,3.9563453176587506,4.589288963749347,4.590389806302479,3.599069715558649,3.5989234783593638,3.663866833335481,3.6657062948274093,3.44741919989862,3.4477976462289526
130,1.746241610738255e-06,2.1702212315577643,2.17080514905275,2.0602322321530875,2.061545773079331,2.0663922247441184,2.0671371371964384,3.644183616092456,3.6444012546596167,4.000438147476494,4.001674779077969,4.589983959143961,4.590364655067985,3.5879870736814845,3.587778461848531,3.6875043640653,3.688512533712982,3.433894564252326,3.4345494463080177
131,1.7595973154362414e-06,2.189474799278289,2.190941386415666,2.055357185544765,2.0567350369787087,2.063808558411674,2.064977470838116,3.62872586992008,3.6301869632858375,3.960793722674554,3.9617635378466454,4.595660779077851,4.595358199372606,3.601608073325903,3.602710569430308,3.677595041798896,3.678458457752342,3.4231174409281375,3.423076446409192
132,1.772953020134228e-06,2.1930207204712175,2.193744331590522,2.057532172354552,2.0582692450588755,2.0699912892244456,2.071129873638121,3.645684331855354,3.6455584900856652,3.9563165258055784,3.9568632295907205,4.573309243309959,4.574812489726862,3.5911104834383405,3.592469145069998,3.685373847759641,3.6852418533890714,3.4202484585029787,3.4205909544596995
133,1.7863087248322146e-06,2.2055130725174292,2.206474592167085,2.060439890133176,2.0618701521044764,2.0819384677655335,2.082644197353624,3.6440887588680635,3.6458417023692484,4.020068324283223,4.020152000375994,4.565172723415941,4.565891293672045,3.572408599993892,3.571498786070726,3.6507858360961154,3.6510295862895967,3.4083059028628346,3.4087778948758123
134,1.7996644295302013e-06,2.216254703046114,2.2166992393735976,2.0633648804478595,2.064906444397957,2.096625669938859,2.0976808911055227,3.6388854504401427,3.6393730439184373,3.9550798410594035,3.9555150402709778,4.528644146254468,4.529676212194292,3.5804538617096653,3.580633566217126,3.6572879925472166,3.6575700510170273,3.401893888417771,3.4023850423138176
135,1.8130201342281877e-06,2.2215911859907416,2.2223338184563772,2.055461834390749,2.056490459765591,2.1233084965134243,2.123981165135931,3.65060880317792,3.6516123035657446,3.9466684143363397,3.946718748110607,4.478629091775263,4.478302399996088,3.5770642472804597,3.577100415750948,3.665519164720214,3.665819510524194,3.4369683160344326,3.4377560205856303
136,1.8263758389261744e-06,2.2299736740509988,2.2300436379798128,2.0667463543739713,2.0682637588993873,2.149196671317425,2.149431815558706,3.6421649371980376,3.6430386444933727,3.978247301385122,3.9799777887487675,4.539480009757002,4.540734055470925,3.5372025713785633,3.53756091851858,3.6705537699969137,3.6699555931530528,3.4108544426606344,3.4108367331388902
137,1.839731543624161e-06,2.231480318792315,2.2319894155216162,2.053658202180187,2.054818540915125,2.169478738949112,2.17070866692189,3.6501958282302556,3.650113167812374,3.9778121783300384,3.9787545699436055,4.529782280017669,4.531761048864455,3.580309060887895,3.580332939102883,3.6656853552637587,3.665995664781385,3.423340772875257,3.423154212530426
138,1.8530872483221476e-06,2.230552375461991,2.23147138572476,2.052056138208443,2.053630966190133,2.1978670008690226,2.1982404331794716,3.643709503650554,3.643917802763428,3.9907528053353722,3.992400679140858,4.541912224255447,4.542690138499025,3.5840211846252736,3.5847636313624265,3.665476179383451,3.6659915239129544,3.4035728130561083,3.403362030656302
139,1.866442953020134e-06,2.238430686617401,2.239430436496653,2.061557063439747,2.0624867243081333,2.228127375409587,2.229480895991854,3.630327643450832,3.632201259004959,3.9887252970942564,3.989238159460984,4.483306895793021,4.483061615044483,3.5862425193383287,3.5856352371216826,3.6231705955486135,3.6232524593516815,3.366727492294427,3.367438798424587
140,1.8797986577181208e-06,2.2354570330201486,2.2368431149581576,2.056236934087673,2.057380703250897,2.2579252244914807,2.259158197959578,3.6613044322744694,3.662964845098606,3.9798709513032438,3.978405250066117,4.507891417661221,4.5071568559235065,3.5688483245566704,3.5696130723757653,3.6317187046333665,3.632855698708132,3.4315613091060078,3.431484739059917
141,1.8931543624161072e-06,2.232156188913155,2.233594946733037,2.0505556783096583,2.0517275267374733,2.280828912112648,2.281144889771114,3.664946503018029,3.665216911229283,4.013453699530575,4.013625236500704,4.501032409576013,4.503494524096845,3.5560662014633273,3.556919122932149,3.582749752614839,3.583590945486226,3.389639864778846,3.391096912839631
142,1.906510067114094e-06,2.2248031693633683,2.225386680807951,2.0426938454107058,2.0438563080089924,2.3341695599794257,2.333933572320498,3.653491085067261,3.65416728488516,4.002459029255169,4.003213907708832,4.44047466932934,4.442849437964708,3.5622891018647045,3.5637350934378773,3.624177315754154,3.6247278143866546,3.4215419161082665,3.420395692798635
143,1.9198657718120806e-06,2.214987670512053,2.215514367605921,2.051003650423941,2.051584663102036,2.358424162873031,2.3591069045655546,3.653225489514388,3.652778516127482,4.010191103208999,4.01069078495451,4.492408967601772,4.491711714799067,3.5648209660868595,3.5663572550631026,3.6278516569673016,3.6290713117570763,3.3988502102928733,3.3995313138643657
144,1.933221476510067e-06,2.208256595164335,2.2101542568850876,2.0514246363534174,2.0531042071098344,2.379470404332839,2.380945237636662,3.6529833166787458,3.652512620745796,4.052203451203824,4.051641333211272,4.449039876754944,4.449569840097013,3.5747685260454354,3.5762752365686907,3.5877236282039804,3.5896761879005417,3.422332913585099,3.4217587868599892
145,1.9465771812080536e-06,2.2124955017268864,2.2136102078521747,2.0570110186201562,2.0584814629229986,2.3960777160452196,2.3969309636481633,3.629270140210358,3.6310272691292056,4.07389987499076,4.074901673759044,4.483241641240126,4.4851538972766924,3.5626931268584414,3.5640619708977583,3.590417896320985,3.5902208727047387,3.4267354644581625,3.427305343477005
146,1.95993288590604e-06,2.203856022207566,2.2049078702151443,2.0556414130617484,2.0567922099322122,2.4167219792927592,2.4176645558336665,3.644003776537094,3.6440952295418136,4.102885090182604,4.102892711452587,4.461965273286986,4.462805984530589,3.5249879444350642,3.5261222835573265,3.5885116959908707,3.5888082780678223,3.4264526154856387,3.4282529558387105
147,1.9732885906040265e-06,2.19882508547416,2.199615693312217,2.045645243939795,2.0466865502778937,2.4236782522357045,2.423838435269549,3.638836522387051,3.637561895904033,4.1529896963645445,4.153264321239184,4.401790384133018,4.403519967767711,3.53431659294766,3.5344267240274028,3.579551122949237,3.580013650881359,3.440900325568713,3.4402258913137596
148,1.9866442953020134e-06,2.2023224997414625,2.2029076354205057,2.048715222038135,2.0492265518967026,2.4548890055207053,2.4556096496418234,3.65946591537251,3.6602124535480427,4.188326210906839,4.189847025265655,4.401130460286036,4.401246025684031,3.5366023506743405,3.537417962599047,3.5874532158680914,3.5890980899084184,3.4385254230343247,3.438773436026408
149,2e-06,2.201701851217128,2.2026338703963173,2.0489685756321885,2.049685564980156,2.4780515030995702,2.478870565268471,3.6713367518885884,3.671096796996877,4.182493921829633,4.182294680558375,4.3677451786015205,4.369306597920629,3.5175999530571485,3.5180028551447307,3.5842442879490775,3.585826912785087,3.4300441408449127,3.4311298641051122
