,Frequency,Signal Run 0,Background Run 0,Signal Run 1,Background Run 1,Signal Run 2,Background Run 2,Signal Run 3,Background Run 3,Signal Run 4,Background Run 4,Signal Run 5,Background Run 5,Signal Run 6,Background Run 6,Signal Run 7,Background Run 7,Signal Run 8,Background Run 8,Signal Run 9,Background Run 9,Signal Run 10,Background Run 10,Signal Run 11,Background Run 11
0,3.25,2.0087398399206653,2.009060827740009,1.926413370061792,1.9267280800328492,1.921471161128146,1.921732898962847,1.947299149945042,1.9472220029703458,1.9003287832431357,1.900250761891028,1.8432230486008812,1.842953221333604,1.8484021087614493,1.8484810361418924,1.8172165953426498,1.8175615082638403,1.83020852630542,1.8304687023705315,1.7508378689186712,1.7505815970917127,1.8095366515130027,1.8086688878845794,1.8030844738377236,1.8034027757559907
1,3.2505,1.9591793890296598,1.9594701428429195,1.9310024838988757,1.9305872640869297,1.9366259824379173,1.937029708233334,1.9434322712255827,1.9432029538701678,1.873153440737243,1.8736597689583643,1.887237086195964,1.8864498428118328,1.8288079196005917,1.829370405732155,1.8250889360942202,1.8246121548516683,1.786702413373833,1.78674042474063,1.810675216812206,1.8103308036673498,1.7737065160013117,1.7738186760139023,1.7916579353483773,1.7909003640067314
2,3.251,1.9597200556261865,1.9596641161564705,1.9851066101416317,1.9845380956759655,1.9017657189293884,1.9020384509954653,1.9552288684486532,1.954666444588094,1.8955902681543957,1.8959051343065363,1.887411929835151,1.8867663309023806,1.8573308952803742,1.856507764363294,1.8255882026660242,1.82567387650501,1.8506041143968592,1.8506309128415992,1.8336670880193167,1.8337455156112032,1.8213149737562166,1.8213544530136871,1.7705553201841915,1.7705824309442844
3,3.2515,1.987048318251459,1.9878206009121462,1.9812875466312991,1.981128911037471,1.8859477388366943,1.8858449178599193,1.939500209391251,1.9391746924748827,1.9323850472390314,1.9317161479478364,1.8756709315316087,1.8758791660779939,1.8272362230059327,1.8270845213231517,1.8356760326748867,1.836387440761449,1.8549103265970923,1.8548246840125016,1.8246928355021683,1.8244722324157425,1.7592969879204523,1.7595829004909138,1.7537715982268172,1.7539383858899276
4,3.252,2.001746600714712,2.0011769307457237,1.9772938317404936,1.9779795034742311,1.9435445345727673,1.9438970060457474,1.9142403712080558,1.9133868187070378,1.8911708325614338,1.8916030433573277,1.8689782218980748,1.8702028920933114,1.8416967519359493,1.8422940011168565,1.8293821513603434,1.830027000600291,1.8205788968898988,1.8207201040813688,1.8281526468036766,1.8281486176203297,1.8216807845184988,1.8220004918185402,1.724420021276224,1.7242057585545165
5,3.2525,1.9926450949301426,1.992824875713229,1.988924166535947,1.9885679469206894,1.9189838754325348,1.9182989845444913,1.9064257460840166,1.906879102148113,1.898331108351868,1.898208953734779,1.8505566363736368,1.8505065689281712,1.8764906576662361,1.8773409617203025,1.8275416494510195,1.827688759778482,1.8323794251728722,1.832113408494419,1.8181509820348964,1.8182994978805014,1.8271674421034783,1.8267466940059782,1.795188304697461,1.7949005806961134
6,3.253,1.9940263719272415,1.9941637685673566,1.9622648632462798,1.963221767748404,1.901090984165987,1.9005948068628822,1.8615181098420206,1.8613019419207586,1.8929721436103812,1.893415973427847,1.873304553295752,1.872929624899184,1.8295669009437363,1.8292485366546734,1.8215685296468291,1.8216805022060574,1.8257989078613093,1.8252764006747606,1.830772774837701,1.8313412890235246,1.8097835228458083,1.8094729356513883,1.777489343612591,1.7778008677493875
7,3.2535,1.9936811419021516,1.993610741385556,2.0072031456160357,2.0073843631079096,1.9565870909956598,1.95742427700621,1.931468731033236,1.9311291903347294,1.8747209402241043,1.8753660394389853,1.9080917419542271,1.9084486484709815,1.835714894718003,1.83684380271166,1.8474215626249109,1.8473635618588273,1.7848625745160636,1.784930039091823,1.7939823809337125,1.79471718297099,1.7516539661180794,1.7511837125820326,1.7545201456247055,1.7548029972010988
8,3.254,1.9726982072905248,1.9730412149397947,2.023411216324647,2.023872099745204,1.930491408250701,1.9302518152134889,1.8917938292201664,1.8925816660130028,1.9220019779684,1.9219155857556023,1.864682946634732,1.8646801981266206,1.8704968643315123,1.870279915679521,1.808646936121479,1.8085478942231454,1.834396769358998,1.833827973938368,1.81735281684638,1.8179523148955294,1.7744913532580024,1.7741106153125863,1.7712289382984743,1.7707373837751754
9,3.2545,1.9882447109147117,1.9880120827755476,1.9720704109870302,1.9722318575914217,1.923722982332427,1.923901857400615,1.9279770698752499,1.9279242850433234,1.895711206062695,1.8965336184422914,1.8989439142321396,1.8995295134361134,1.845305921198747,1.8452650676032565,1.8524939641110778,1.851585128323549,1.8087460403008986,1.8092743882412647,1.797791852816887,1.7977859184481855,1.807077691923786,1.8067324356094272,1.7808855917979831,1.7820267118864987
10,3.255,2.0007082049572853,2.000996303999027,1.9859068144849141,1.984814043619508,1.9982804530440523,1.998235414049638,1.8998458587535323,1.90015732053814,1.8710497098402412,1.8714104580520725,1.9020647137830733,1.9021941147280996,1.840791545235989,1.8403804171834257,1.8627216317383453,1.862530107282004,1.821929590584297,1.8214409405885104,1.820283887482092,1.8201241587564385,1.7856748990067604,1.785465321300944,1.7868589835742197,1.7869137672668516
11,3.2555,1.9832461777626749,1.9830291353469358,1.9956179687689146,1.9954201350723215,1.9534417469160013,1.9533144075638582,1.9408877026967362,1.9414302932672562,1.9083625056856284,1.9085045249097108,1.9273235415694423,1.927764591386625,1.838022222812465,1.8383900299107583,1.777056855372668,1.7768048000208845,1.820702614725915,1.8216760416005218,1.785477189756126,1.785074276192172,1.836680822842991,1.8362948378813606,1.7696037335679975,1.7700405668593227
12,3.256,2.0116276394571204,2.0117916785408276,1.9598965831012796,1.9589443950146204,1.9316226973542934,1.9317214894539614,1.934162539184644,1.9334727447506592,1.8505572466632905,1.8506444508730444,1.8622538439109886,1.8625113338752242,1.816458529272657,1.8160460269510483,1.8152739601800212,1.8154185093522341,1.8517126875426413,1.8517865551354113,1.8201981559386684,1.8204565516504692,1.8049107345740096,1.8053576251397236,1.8017425863449439,1.8013083454503427
13,3.2565,2.0361266382852494,2.0357307520742784,2.0156988309554915,2.015123913554537,1.9513451264093775,1.9518933389524722,1.864818821041878,1.865185472567423,1.8936424136734746,1.8925960562066801,1.9001321422529966,1.8995212127411323,1.8277466634326833,1.8280830495242208,1.8019711233479447,1.8021515286819423,1.7767940528395174,1.7773791209383112,1.8171868002850908,1.8166542984069467,1.785463093408677,1.7861665368175792,1.7776508842632077,1.7772871376601302
14,3.257,1.957229890866502,1.9571444981806263,1.9950353750250085,1.9959614206836813,1.9108764106700529,1.9107943599107537,1.9344605463707423,1.9339847020687049,1.8953692733075862,1.8955807873331048,1.8708605177726116,1.870783932898254,1.836097423900132,1.8363568191230686,1.8572026946259284,1.8569791868308567,1.7946815419497013,1.7943763894731848,1.817013479901422,1.817192104950357,1.808469462474457,1.808734104916333,1.7788282299654234,1.7791369429725208
15,3.2575,1.9753281529978448,1.9756365224901322,2.0043842512526386,2.004995024745642,1.9292607959021284,1.9291746535784893,1.9388335862102668,1.9387691824991289,1.868591590189124,1.8689969089483234,1.8694634047509302,1.8698891189327267,1.8161042734886716,1.8158446908685393,1.815785187727584,1.8158709552587868,1.825446773782318,1.8255157375077433,1.7776539158468996,1.777556154594195,1.832729015647564,1.8325666321108876,1.7905500227973419,1.7912129876338474
16,3.258,1.977656420794236,1.977717576286301,1.9570965118700232,1.9562817203541658,1.8936480378111777,1.8938933153357185,1.926055101650903,1.9260206197247685,1.863481766270899,1.8631322933444636,1.8560496643471127,1.85656258292567,1.8739905930200318,1.8744535689629676,1.8276882556283016,1.8270699862835351,1.835202506851908,1.8358893652578077,1.7723882045931691,1.7721486114661125,1.8437716020856272,1.8434360593296806,1.784468583730953,1.784276778126177
17,3.2585,2.0087692966169097,2.0079812098132805,1.9690616133192222,1.9689935552369098,1.9468303656959396,1.9468889599762025,1.8978111652846674,1.8970432866863618,1.9162777616898068,1.915272695037326,1.884531974483164,1.8850820922716005,1.8134772730957394,1.8130406583013678,1.8256005691734798,1.8258226714425863,1.8034282018625891,1.8027303490341944,1.776408974220018,1.7760988244864995,1.8256414011443227,1.8251956038435062,1.7745330212254569,1.7734497770276612
18,3.259,1.967707699891293,1.9678901354966463,1.9044817065137336,1.9051324591420915,1.8890744364066079,1.8892131138003878,1.9266863073937672,1.9262177719208171,1.8988298194126816,1.8990527024706492,1.7913163797995686,1.7906106249760079,1.8379473921137244,1.8384572497681977,1.8360180781328057,1.8364720901674645,1.8305839045805856,1.8307638414690168,1.823624699041463,1.8236152352527883,1.7962145198013393,1.7964505208822454,1.78525724226233,1.786075281986672
19,3.2595,1.983247154560852,1.9831057598959327,1.9301887218554297,1.930380527513175,1.9349202375626982,1.9351031417436797,1.917146403494399,1.916453485799038,1.8926280447945305,1.8931853150507392,1.8573456702111044,1.857757672760107,1.7983214183410825,1.7979903419958758,1.8160396499265,1.8155203285233885,1.8498287730317209,1.850173529776667,1.8422754154481322,1.842432333238121,1.8344645767349523,1.8349248353102143,1.7751837063965576,1.7746651970469594
20,3.26,1.9317828830285944,1.9316963970236896,1.9858096192583907,1.9849310173659895,1.9400458315029763,1.940545257195846,1.9127423036113989,1.912557775464145,1.8198393640174668,1.8201455159448523,1.8411858364987839,1.8408860561965494,1.8309740034047215,1.8308076532360122,1.849602297995855,1.8503780786220791,1.830114425901205,1.829988960487106,1.8007902474750714,1.8008197008368287,1.8058952865286537,1.8061894759142403,1.8053145258488486,1.806242008109452
21,3.2605,1.9961338228460386,1.9955851730064955,1.9850403577820042,1.985419190394913,1.9467221389409417,1.9460170086969564,1.8458396495322689,1.8460038445391616,1.8628700216203695,1.8634643973039193,1.8633035428830347,1.8632160574295122,1.8378730422224951,1.8381027029305115,1.8298634272375767,1.829915712313542,1.8057587333872147,1.8060323710543837,1.8376030547728155,1.8368619122302483,1.8066977083096885,1.8059550041120918,1.7590569498517519,1.7592561890866523
22,3.261,1.9683457470732884,1.9684651846313947,1.9786950637316958,1.9793794862653624,1.942016044612386,1.9417011161589879,1.9165794143686103,1.9175638981266092,1.9013824185801422,1.9011182134492872,1.8595880555587312,1.860050594257837,1.8100704102872371,1.8095765130177912,1.832870067523288,1.8330846424874165,1.7958441204858289,1.7953719307043983,1.8043064886165034,1.8050408221112397,1.851696817294442,1.851953620134448,1.7774505510114755,1.7781961598791607
23,3.2615,1.9989512882765397,1.999155930903525,1.958816990135242,1.9593087323999931,1.9615084589329042,1.9619522576582513,1.9196718937060793,1.9194938621580089,1.8617650741655922,1.8619345165555128,1.8286932717107112,1.8288604338657162,1.834636456246366,1.8347905003531668,1.8234286770357306,1.8232406818059954,1.8127169860682837,1.81237794511799,1.799168280772569,1.7992330592123926,1.8070375281319964,1.806708075937943,1.7976655175443494,1.7979468076604979
24,3.262,1.9599155098454215,1.9598061922617296,1.9474318652140474,1.9477898338119664,1.9032012883809952,1.9036219429626642,1.937236676355204,1.936253910438577,1.9079161780353981,1.9077442993783054,1.851564458774528,1.8508361220455691,1.8416978771948147,1.8417209276227593,1.8419551793039628,1.8418210934599928,1.8405324862586203,1.840443126872896,1.7641067174012908,1.7642319952963021,1.7948812786878003,1.7944918267530803,1.8005720083639738,1.8003994425955352
25,3.2625,1.920785110682598,1.921327919850653,1.9272103782587091,1.9273313460073793,1.8883728996771791,1.8880540044597542,1.9346476617557782,1.9348237570055569,1.8814571499214023,1.881113642546112,1.838969715002696,1.8384915595382296,1.846465157064857,1.8469159206003092,1.876665975367888,1.8764540240409482,1.8059679682689147,1.805768666455656,1.8042846314752399,1.8042170730817984,1.7888623823986287,1.7884784587352296,1.7991043802544853,1.7994312713407354
26,3.263,1.9814219555088708,1.9816947186951168,1.9193850112936317,1.919342252370115,1.922595080354416,1.9222456385303754,1.8732104859341046,1.8732631770678603,1.8702359142420355,1.8703103438738822,1.8825036285212093,1.8830459378730025,1.8133837639017996,1.8132872833018383,1.8656636176249868,1.8648597579708701,1.822836941411726,1.8233646333934463,1.82139887529426,1.821593054615765,1.7987013979439257,1.7989970554395356,1.7271896099843866,1.7273549606550211
27,3.2635,1.9757013679845383,1.9757611804459212,1.8899022873957108,1.8895511589671092,1.9378999533363963,1.9379918425985765,1.914592832867424,1.9140937508404094,1.8882812560874742,1.8889375994380706,1.875389800542731,1.8761725775140352,1.8486356124608887,1.8481365617508985,1.8150768145778868,1.8150920565108886,1.8054704544362776,1.805928339267704,1.8327638739047951,1.8323945051776176,1.8167581451276722,1.8168467861418263,1.8305994166590147,1.8306879015926774
28,3.264,1.9770413038502865,1.9767827207594924,1.9424597175434992,1.9416976483846717,1.9736567660557325,1.973547510856287,1.8894568551504756,1.8896712739347596,1.8734642459012987,1.8736846303121384,1.9026998747655246,1.9022338690329321,1.8316186330686615,1.831841828464251,1.8059729583143558,1.8063766527356568,1.8175151937378635,1.8175412737004262,1.8357756727560322,1.8359454898382475,1.7832490106745045,1.782780194099278,1.7892139739573392,1.7889542352750198
29,3.2645,1.9558458561712975,1.9558131545279036,1.9869847133518905,1.986946327132317,1.931321877317571,1.931828080576899,1.90977561338942,1.9103302912842461,1.8688727202476114,1.869130553753231,1.8681180541254194,1.8677835420072988,1.7979594479359995,1.798575093687809,1.859938477669884,1.8598865050676912,1.8480333687131323,1.8481671422464512,1.8356465866416507,1.8354427872734846,1.798349208101444,1.79838000444938,1.8300778844725163,1.8306923120035739
30,3.265,1.968482387024584,1.9687173888618519,1.9493073219502308,1.9495849577451998,1.9572283025929647,1.957369416090474,1.9116383836247235,1.9114013203921,1.904941923507949,1.9046050689080773,1.8668020900655735,1.8667478996294364,1.8391247919322669,1.8393848119002825,1.8254432160696978,1.8256519191093041,1.801904127619187,1.8021737673874718,1.8260931555245,1.8265193069579815,1.7824472465722356,1.7826059757304233,1.8038799630629627,1.8043325381523798
31,3.2655,1.9632675926527259,1.9633669779745018,1.979956714292522,1.979769343835428,1.9770299394522637,1.9778292079134958,1.9637349110962226,1.9631032734019584,1.844715424982622,1.8455670408868883,1.8876675167100907,1.8871072169884755,1.8281295578414676,1.8279613334395566,1.8220164810452435,1.8221287347385307,1.8734194718662152,1.8728249085166149,1.8337654133655215,1.834193876014655,1.8342292355982077,1.8336764319068133,1.765858973360175,1.765996151350039
32,3.266,1.9920898523785429,1.992549642686628,1.9723827493437607,1.9713973598024153,1.9095839618912251,1.9102035120262701,1.9277214498301094,1.9279793770613018,1.898316402759152,1.8976240470731434,1.9252144803760727,1.925074866111535,1.874480528153867,1.874788210648627,1.823098166864664,1.8234178741031097,1.8438066764622418,1.8437744121670465,1.7821455588965172,1.7823840589260853,1.828124413182725,1.8282323565663434,1.8335832061353041,1.8336402075830482
33,3.2664999999999997,2.0406336523288324,2.041249391951496,1.984298657436553,1.984805547882327,1.9495868365515998,1.9496344367225407,1.8737218170827847,1.8739923001235292,1.8832152273583211,1.8829771335146819,1.87820472796863,1.8777552762731422,1.8519060551865056,1.8512958753515054,1.7582748962054426,1.7586687831090777,1.848121291919247,1.8475489045887095,1.8067174478591561,1.8069229025114681,1.8322838459216153,1.832352778505729,1.8031782395499176,1.8026026352811162
34,3.267,2.0227801038397635,2.022140283134994,1.980007405873934,1.9805354415750425,1.9664761295044955,1.9670396152679306,1.8867633031216577,1.8866478949239849,1.8600371045067343,1.8603348547275236,1.796047705955393,1.7964971888121606,1.8756201602689209,1.8758213985754406,1.8207314351972148,1.820494903015517,1.82297814297203,1.8233327382545197,1.8339170500952882,1.8335657031541308,1.7777622648690365,1.778219931064369,1.8135525170948927,1.8139523698734388
35,3.2675,1.9793331161649832,1.9789223628080672,1.9576716476174494,1.9574918043355356,1.9515660832039001,1.9506188297718046,1.912316622039744,1.9128458134141395,1.876958478251213,1.8761122033352748,1.8891268460678976,1.8886703354815786,1.855678519896459,1.856060631968157,1.8320756416311905,1.8323994406179365,1.8427840886844853,1.8421439244061353,1.8038816892376663,1.8044943991430205,1.8355405141840384,1.8355179323664372,1.8020417534007516,1.8024300495653802
36,3.268,2.0020849070495164,2.00240245921364,1.9524844623268616,1.9528037325265417,1.9472645437426788,1.9474962034188745,1.8515545573316725,1.8508022956580967,1.8353930976419381,1.8358607585784328,1.82507728728437,1.8248673036273928,1.8675123770196616,1.8677368842534707,1.8281976448059278,1.8277296403021352,1.8553165776099148,1.855097099011462,1.8322387460929166,1.8315045999094102,1.7922443498023655,1.792836601602938,1.8388465029498213,1.8379717741512618
37,3.2685,1.9344388691268615,1.9350663213735702,1.9549867604028812,1.955140492332157,1.9478726062071698,1.9471680693309048,1.9309112123264742,1.9314158539789568,1.8819017324279546,1.8812674088247674,1.823338368969781,1.8227869082987007,1.875822385613941,1.875287259929276,1.806760804067547,1.8062559752962393,1.8271105382586328,1.8276914208945858,1.856872947451039,1.8566805796238088,1.8210508944451322,1.8210736013467852,1.8046684894523828,1.805383052266356
38,3.269,1.9867955711301526,1.9866012355168698,1.980213826993853,1.9797467594105531,1.9537918709843707,1.9539389813241066,1.9223792169063545,1.9219672142320545,1.8999982063869454,1.8999497317962513,1.8375346527317793,1.8371342689964463,1.8383273087151775,1.8381434364984446,1.7780351156009222,1.777279543216177,1.8600463771388305,1.859320851380866,1.8518483354696709,1.8519020884784179,1.8207149149377062,1.8204028285963105,1.775740944997597,1.775474865926443
39,3.2695,1.9829220981253368,1.9832520188340568,1.9634124816335643,1.963189192421106,1.9286231010805939,1.9281933265101288,1.9521674433800726,1.951472713853627,1.898147333009013,1.8974095012139078,1.836374270343268,1.8364638171924235,1.8162595681878195,1.8168347351944023,1.7984825801797615,1.7981138361599867,1.814502859925469,1.813524279539541,1.8366429320290383,1.8369663561344518,1.7864013253927205,1.786873515203465,1.763603798212859,1.7636724184555144
40,3.27,2.0281009715349723,2.027821399251784,1.9309066518574625,1.9310626325182683,1.9673874601527168,1.9674255963452612,1.9004809332097328,1.9005359669515007,1.9318755523815343,1.9312327019994517,1.843888194475242,1.843967777724912,1.8298157978276173,1.8304404701301937,1.80049740014348,1.8009531299041472,1.8504799645886663,1.8500011844850752,1.8482853610409578,1.848594386420909,1.7760366050800647,1.7762326583828254,1.7937133960840708,1.79316874413862
41,3.2704999999999997,2.0420939807204204,2.041945183714403,1.9294844613128512,1.9299350688401726,1.9552511048901149,1.9552794961539854,1.9209878540205894,1.920963179438839,1.852659165513904,1.852266434052719,1.858029531494467,1.8585326115189411,1.8074061451670462,1.8080747319938026,1.8080247615924077,1.8086362532660885,1.8257228809371415,1.8254902529413986,1.7905409294278987,1.7911002610541895,1.8167521154835282,1.817003577236144,1.8088667547719997,1.8086848188145097
42,3.271,1.9719923638939678,1.972489353320128,1.9466470598977987,1.9468208749508171,1.9363716017263113,1.9372535768501549,1.923743915705483,1.9235836871242535,1.9133006968603834,1.912450299068468,1.8685400764416176,1.869399844168685,1.8577334689285676,1.8574257240713647,1.8640924725553465,1.8642772194731512,1.837691008784456,1.8379397845741308,1.8317520321952991,1.8327158079104404,1.7777884359056246,1.7775988791546167,1.7762621117542363,1.7764609138863088
43,3.2715,1.9878462407612263,1.9878895619544819,1.9451735862213293,1.9453624871937605,1.9245549093463836,1.9242494759682727,1.9543907122017303,1.954348359582301,1.9101219609531315,1.9100162976458461,1.8475613311005175,1.8472005828004459,1.8061748847777326,1.8062886376636702,1.8080075171517782,1.8077789495484626,1.7564051987163216,1.7571859140644386,1.7744101149763933,1.7743188502624598,1.7892109129967437,1.7889103207330799,1.8021100158546177,1.8023657254359302
44,3.272,1.9902833696588058,1.990769396082942,1.8855696871574295,1.885135008759024,1.960675890521736,1.961205644009534,1.8937380488010334,1.8935549885959673,1.872220967014466,1.8727912928862105,1.8655216284167406,1.8651903022327836,1.836458687573472,1.8361646855449625,1.8182292842910268,1.8180638084933585,1.837516600268105,1.8378512372871045,1.838659000257774,1.8388175732916276,1.8486386095985232,1.8486837734128279,1.7580640322100727,1.758282167733277
45,3.2725,1.9702155080442516,1.9708596703422114,1.9138262335467247,1.913504371052836,1.9380620925413932,1.9378351803268612,1.8712314887481818,1.8709799019517923,1.8725490116281807,1.8719202475882961,1.8009027306336036,1.8007658023971642,1.8121819553138891,1.811039929337177,1.8345273242968914,1.83383524979406,1.749306042015297,1.7493347769859575,1.83360858656751,1.833580476151661,1.816713579977264,1.8162408591827024,1.8081902644091137,1.8078226134643522
46,3.273,2.019507385923121,2.0184627147931966,1.9090200087750355,1.9091073066909128,1.9607437598442903,1.9599016075990114,1.9458652257179097,1.9458630078533876,1.882863881713678,1.883459319295057,1.8905434126769949,1.8912367364858753,1.7975510405774213,1.797559098769188,1.8163056415578038,1.8165839329972613,1.825488627523005,1.8258566531809832,1.7824558406181794,1.782155966655748,1.8193193638777394,1.820102577963456,1.7701508522307885,1.7706175761404888
47,3.2735,2.0780994301635696,2.078542135708832,1.9160047520761836,1.9151753120438355,1.9323442766262267,1.9324590288600834,1.9545609046065922,1.954391462149355,1.8847430606219313,1.8851160836504874,1.8715414181164942,1.8721940758981237,1.8316714317541642,1.832053137940758,1.8308868582083748,1.8304270992886773,1.8168880508006855,1.8171228340114736,1.818591307510398,1.8186891623823118,1.8180391637597568,1.8179682322550106,1.75825437013335,1.7585654257673276
48,3.274,2.0273050758422713,2.0270181325011265,1.9123438980081933,1.9120601718680246,1.9226339349638346,1.9219975499851458,1.9058591926272241,1.9059684790168132,1.9029212340119783,1.902837215481867,1.8563415055031456,1.8569945379663244,1.858802003122172,1.8586752570523193,1.867071006409808,1.8666076244398704,1.778744586573568,1.7786913019997515,1.8320814823756806,1.831688376031423,1.7660136122935,1.7656176326439155,1.76398911395447,1.7643222516999184
49,3.2744999999999997,2.0020259551670554,2.0027266816790608,1.9884133520041243,1.9886070629006387,1.963586489169565,1.9630561422090094,1.94919306978483,1.9494172334360003,1.8509446587598228,1.8512820131149572,1.8523535061822234,1.8520791188468109,1.8332003016243088,1.8327785853107406,1.7956484088795235,1.7957379869443875,1.8421496159202044,1.8414954590531025,1.8013293028179755,1.8020794718229183,1.83525344852167,1.8352533548573304,1.7755330266637768,1.7760670277835542
50,3.275,1.9334865184189887,1.9338693800888016,1.9043308513096457,1.9045306839028213,1.9407271617049087,1.941174052309605,1.9083490808245789,1.9075931648313618,1.8662675563663085,1.86608437118681,1.8241015145322301,1.82417469493557,1.8586230294867234,1.8588221437603876,1.8378167313281941,1.837752733608868,1.8550517129885808,1.8546196583674202,1.8307051444085465,1.8318658480563748,1.8586010540609113,1.8592798231091388,1.7620761473960596,1.7624008520733565
51,3.2755,1.9373301052759693,1.937086763974394,1.9575273804730637,1.9572732949205711,1.9347293065046467,1.9356580382068074,1.973202097218953,1.9736462080643349,1.9004680863271612,1.900981535848395,1.86433968795079,1.8645949290811616,1.8764601118522681,1.876767950318251,1.8399259317580512,1.8395420080890554,1.8814737949218547,1.8815567201710426,1.835316850943163,1.8356728828634623,1.8240045642303775,1.8241658859213392,1.8040805140445053,1.8037119261248813
52,3.276,1.9933358870422901,1.9929657373014091,1.9322215662937272,1.9317883872102721,1.898546168134638,1.8984135502916033,1.8730479097520263,1.8732835986812835,1.8458250026986622,1.8449327207230473,1.8696718682514903,1.8698574894124158,1.8109593802069748,1.8104188824740148,1.8401266765646935,1.8400106437537427,1.8208187270599676,1.8209261394334186,1.8046873305996896,1.804803301020438,1.800995634878383,1.8007555732646237,1.773990270585943,1.7733472641056582
53,3.2765,2.0228210836526226,2.0234464120799474,1.9582861763828217,1.9587740454159626,1.9454538388910259,1.9444050450501424,1.8687693521524706,1.8682423161405888,1.8835804777738514,1.8833380112684532,1.885653577952669,1.885394338929014,1.8893348976571236,1.8892064963339714,1.8188037370652352,1.8188011132454773,1.8146062496045003,1.8152565648655614,1.7962738667384395,1.7962972919016384,1.8189516187757013,1.8191313058491152,1.7882323349514333,1.7882485451480254
54,3.2769999999999997,1.944871459559827,1.9448222977987228,1.9780677375116578,1.9784451957603935,1.904698340989546,1.9044920740845634,1.9360035802118465,1.936552729699914,1.915920292828764,1.9158816255676818,1.7917687368780513,1.7917713918408218,1.8419144489020707,1.8417148974007682,1.7626820810362909,1.7628428403936243,1.8378246641461984,1.8383455158854285,1.8101366490399184,1.8100710585781719,1.8348514525134936,1.8348160647212182,1.8115102137993782,1.811791566193788
55,3.2775,1.99548157192414,1.995225456236195,1.9587476867573819,1.9587256045371086,1.9026028403596709,1.903049980782772,1.9676568188228718,1.9675827326376787,1.900600640463504,1.9002473882559734,1.8489293678054592,1.8490520845483671,1.8500146082526436,1.850272597868788,1.767854063347375,1.7679345524059404,1.8509432772315344,1.8510786436322224,1.8327792746537155,1.8332016468200847,1.8353581078610213,1.8353850624348125,1.8029289341810233,1.8021990670108219
56,3.278,2.0206394242334067,2.020494125376362,1.9899785964012038,1.9905775322094734,1.89775584432424,1.898212667271644,1.8841330576326323,1.884298252332498,1.9065772872019129,1.9063407550639286,1.8366991565515407,1.8365804999782216,1.8314440355899488,1.831961639070364,1.835210065629708,1.8346895886332117,1.8282793546671907,1.8283051849190284,1.8149818638086308,1.8145644888860957,1.8143118749526428,1.8146491981275885,1.8209559443399361,1.8203396738060682
57,3.2784999999999997,1.978041477158339,1.9779239138817508,2.0019071423750305,2.000956390834903,1.9413483370068698,1.9414847028844702,1.919718494962644,1.9195020146384505,1.864084539264566,1.8642045701024668,1.8667498608626825,1.8671985317879298,1.8348191474129016,1.8350273819046434,1.8254416909805673,1.8258697477630998,1.835229584116504,1.834603506239257,1.8127376351912492,1.8124968864934947,1.7968183561803177,1.7966479143585417,1.7906952314972313,1.790858895627613
58,3.279,1.9935238191027973,1.9939860768167965,1.9594205409339354,1.959726755316407,1.929179839075324,1.9292805987428547,1.933604580660616,1.9335573242639599,1.8675104939748803,1.8676437991148032,1.8247752889871867,1.8250292807785722,1.8118999551314072,1.811914197621475,1.8140982024130516,1.8138614203296095,1.8004374608874176,1.7998009197094256,1.837847590827819,1.837539471064208,1.8146929781018069,1.8146601203724375,1.8080609281960878,1.80811683647159
59,3.2795,1.9673918021045504,1.96654943125665,1.9721619658901877,1.9727809540843995,1.9321163617642634,1.9320232543495135,1.9353229312822622,1.9360855625930962,1.900787577798687,1.9005886197281965,1.8641066888535962,1.8638653467217918,1.8422328524533946,1.8430145049625348,1.7996700157105667,1.7998959907979348,1.8256692221400797,1.8255793006349945,1.8071302622125789,1.8072515736154842,1.7629464128159762,1.763004601104799,1.7829637921467256,1.7826141006428042
60,3.28,2.012706697052945,2.012980553545162,1.9513526832775996,1.9513527145068468,1.8969175778118137,1.8981637679971568,1.9277586590563172,1.9275132252536882,1.9108143160732802,1.910522469108339,1.869315926403846,1.869084797693307,1.8306266893052132,1.8307363503486642,1.8431911849073734,1.8429827004727601,1.863798752886607,1.863557191994846,1.845370480416662,1.8457847943377095,1.756937624067107,1.7573222972219698,1.8008875046065143,1.801233510581615
61,3.2805,1.9879494678009022,1.9873760807683736,1.9537627308943375,1.9539677796404642,1.9433613091177642,1.943895872559031,1.9052878064127814,1.9050368130496842,1.8673372468854805,1.8670138540104202,1.813438890683578,1.8134800566177918,1.8399840636062061,1.8397856677955857,1.8434848803863948,1.843090899570734,1.8346984569793028,1.8355635344624912,1.831077012792087,1.8303746312328673,1.7967534547155763,1.797366570643576,1.7958744123093295,1.7955355901121741
62,3.2809999999999997,1.9540272894444433,1.9539932760750687,1.9660165634657314,1.9659004368443225,1.9445433797738263,1.9446071588802745,1.913894456082813,1.9138335504233142,1.8944691081773621,1.8941201661814169,1.8338494643363,1.833492589070386,1.8471899036665036,1.8474081017045485,1.817177145664112,1.8172582280700063,1.7866278642977933,1.7865001188832494,1.8188595748481406,1.8193215825529263,1.7630982756431175,1.7628090833912355,1.7956256687944052,1.7963594400487508
63,3.2815,1.9315235839239067,1.9312643761878403,1.9602435502258964,1.9602809369259404,1.9079180858559988,1.9082669967181485,1.962987457787765,1.9628032729456955,1.8945663341158234,1.8954182622756088,1.8448550643993178,1.8445123379079942,1.8247433642571327,1.8247224690062758,1.7786830253490846,1.7789326757716397,1.8104178484303353,1.8095723856860118,1.8169145377968359,1.8168414198757892,1.812105994728442,1.8114890370352514,1.7991119018903303,1.7996140446676923
64,3.282,1.9977501343325297,1.9979523407926616,1.9589590979134235,1.9591154845897574,1.943772935857662,1.94381132196496,1.9245754415191314,1.924013423706043,1.9172977327193084,1.9177420935615195,1.8828206819061954,1.8831724974471349,1.8478708556745826,1.8485467199557934,1.8319834708971903,1.8323348179109111,1.8173036746779199,1.8174060272644925,1.822459473379733,1.8231750356125251,1.812940808999917,1.8129537084523075,1.8167781649853227,1.8171132392121672
65,3.2824999999999998,2.044878182595832,2.0454451977146415,1.938143575636221,1.9386015854407772,1.8927298382293607,1.8926510983121803,1.952967120575884,1.9528054240459387,1.898788621382301,1.8989316714269473,1.906342645527718,1.9061909125919991,1.8332316314211878,1.8330286441152384,1.8240786847721298,1.825063293225221,1.8743556041789846,1.8740313677595317,1.8304453409388222,1.8300015737248352,1.7758676007400023,1.7765207893570223,1.781509015533714,1.781556740442428
66,3.283,2.026304849495898,2.0261933767095086,1.9387182477102383,1.9377758044521525,1.9200926038715989,1.9202315309811762,1.8571593353124942,1.8567558592945428,1.8177061939366874,1.8182352914154758,1.8391688971096112,1.8390488974573092,1.7830232291351953,1.783680696753038,1.8124883258831865,1.8128194959339632,1.7590779132851975,1.7590890013158955,1.7970439982908222,1.797245142909858,1.8038525404974797,1.8040945073970216,1.7690491246439168,1.7690108319313793
67,3.2835,2.0418297172186564,2.0411164037494296,1.8871751871410587,1.8876019633299919,1.9244430081494055,1.924752314728779,1.9085322335359656,1.9082084657688418,1.904150431798106,1.9044018000144358,1.937297705926156,1.9378183392098982,1.8776033081924455,1.877871417529604,1.870305184622559,1.8707988945278842,1.869532231325116,1.8694070780503167,1.8121885124624968,1.811772262078838,1.8119644716359828,1.8130731088204461,1.7731029562158982,1.7733060059228498
68,3.284,1.961040887794507,1.9622183953474472,1.9801988251622795,1.9806202293740025,1.9446505143423845,1.9444082976347057,1.9196536778680766,1.9195302426486007,1.932467833563924,1.9328337355238905,1.873362297201241,1.8739047627471657,1.8201561917345825,1.8206922853618464,1.8290935562181811,1.829396397335541,1.8890332411973414,1.8882278821209508,1.747996812446728,1.7478518260343425,1.7989673844832075,1.7993292571507071,1.8089979186517886,1.808543250914233
69,3.2845,2.019042475821078,2.0184511609533087,1.9738330506942423,1.9737598078783964,1.9790698652554157,1.9792937479512072,1.9222940135930828,1.9221390010477832,1.8783236342527503,1.8781361076575187,1.8727284490709666,1.8726278142893276,1.8776298447532416,1.8777500317606508,1.8238430581681568,1.8246208688725438,1.8181704127352347,1.8178433341216536,1.8502642879452513,1.85071589473914,1.786466066179148,1.786458882482426,1.83112829606985,1.8318175281572202
70,3.2849999999999997,1.9875944301091069,1.986884271168928,1.9747488852878072,1.9754378053069361,1.9726419910850477,1.972025251936548,1.8913523019138865,1.8912962062822647,1.843571175351577,1.8436966095100245,1.881021468736895,1.8802808570666165,1.8215896132985185,1.8220400020364833,1.8009426005617828,1.8009173636306948,1.8252166484603742,1.825091745289664,1.8490358083187381,1.8483795274838608,1.8038867794809172,1.8040999801912094,1.8064204784944269,1.8075614738863257
71,3.2855,1.9942820467861266,1.994578984960487,1.9516771966004265,1.9515832458676228,1.9858587773233827,1.9859293652409924,1.8877256732805443,1.8874686831672858,1.8671228610968198,1.8672746878333966,1.8344233516406387,1.8342986983546838,1.8494912588818704,1.8497687695520835,1.8235880008195104,1.8225625073914005,1.8100052606053476,1.810650297136714,1.814598466622542,1.8150403598453242,1.8091289970299897,1.8092542751094232,1.7860850807519448,1.7867369888472258
72,3.286,1.995098970207844,1.9952795629652327,1.9661885584671799,1.966412815940279,1.9601183703474534,1.960543428644324,1.9178061790370913,1.9181832937459826,1.8535668743404083,1.8532293013831889,1.8870363157754357,1.8863461776928547,1.8415989365281047,1.8410119318370053,1.8341109437921466,1.8344249666855337,1.8255101839970644,1.825643520417257,1.8411876740275008,1.8413517754028588,1.8105248870420594,1.8101896254241747,1.835234612462161,1.8352326446467504
73,3.2864999999999998,1.956977729187789,1.957044569038942,1.938125407394995,1.938609840826838,1.9180170719075043,1.9177071718865009,1.9296204898410731,1.929077836948221,1.8846496619766728,1.884604841738703,1.9160405892980006,1.9160487100625938,1.8529344876780975,1.853152592164332,1.834396749497738,1.8348324896884112,1.7862691867602944,1.786949517353478,1.8232895302800765,1.8231854598747677,1.8128440536427923,1.8124525090130341,1.7997821441521475,1.8002827253187963
74,3.287,1.955033603901112,1.9543243506854102,1.9378646021961874,1.9375538276009703,1.9641242051331629,1.9640843510432773,1.9149033879757325,1.915407248696183,1.9112767590842272,1.9117119995458598,1.85591754260534,1.8566133964175207,1.8135969628794621,1.813814536272762,1.856797835346885,1.8565968782496631,1.7722426925061592,1.7722520313616348,1.7976117588047316,1.7976567976949118,1.7912627374366792,1.7915132934504618,1.7793314133841003,1.7801947729986969
75,3.2875,1.94389949931733,1.943501895159696,1.9491441586274136,1.9488880740573178,1.9503601711503324,1.95049178962434,1.9023405390570405,1.9028553314909376,1.8721616503772915,1.8720158830337044,1.8614195666097941,1.8608431813488557,1.8561681084276556,1.8575005658369388,1.8059313003211872,1.805149991339388,1.830703893239498,1.830562123865367,1.842187123698693,1.8420024080535085,1.7972721809295151,1.7977244749043029,1.7863898023637617,1.7857793100374144
76,3.288,1.9298120725128665,1.9300574125542647,1.9517649340111738,1.9514607184891142,1.9522793505028804,1.9525159452519747,1.9242742055178719,1.924672059274641,1.88334078541345,1.8830859503315078,1.8586069147461879,1.85796250281543,1.8661325098562458,1.8661678976425617,1.8365441538437561,1.8364603854077777,1.811399788815582,1.8107213319787523,1.845840953530636,1.8459114791552798,1.8120629526548913,1.8112610920150396,1.7800182940216975,1.7810038707916174
77,3.2885,1.9581081414821933,1.958440654703266,1.9537466443378115,1.9540350244005251,1.9336499301769963,1.9330553981520584,1.9056181980705933,1.9049569510263893,1.8678225790381873,1.8672070582157216,1.8286015113072416,1.8285250202620151,1.87781337600133,1.877499540692675,1.7950500658222008,1.7950336993735139,1.8544601868641577,1.8547741471582726,1.8507653057519695,1.8501241732364142,1.8038187903005427,1.803701258347651,1.7723305250010315,1.7731996005115782
78,3.2889999999999997,1.9809658798106036,1.9815741858911982,1.9468234943125386,1.9467348844636074,1.947286064703342,1.9470681164092796,1.8306946877269903,1.830513938758423,1.8346328100774014,1.8343531130537896,1.9156029946755042,1.9159009321471712,1.8915026619232416,1.8913404658056294,1.8466707666168727,1.847391607300345,1.8541276401125928,1.855273570396709,1.833481031765361,1.8332904754500934,1.8073962793736664,1.8072215273452514,1.810876710930156,1.8111321393255817
79,3.2895,1.946395907192989,1.9461016240214914,1.8951023723191764,1.8956124796462104,1.9297705333100144,1.9293762088316506,1.90572701283076,1.9063615238010654,1.8471386834544474,1.84739230038151,1.87384954714401,1.8740500045550383,1.8413993165711213,1.8412840334310145,1.8482109270040041,1.8482220148883564,1.8359808429593716,1.8362029139827198,1.7974021504455229,1.7981564735067863,1.7916745373406462,1.791652080286735,1.800087329770932,1.8000991046995052
80,3.29,2.02817521197092,2.0281189290917956,1.9379550228018743,1.9382801960494678,1.8989384836227465,1.8982903236049657,1.8678369471264646,1.8681435987709147,1.8849739317557803,1.8852004691846087,1.8740999743271405,1.8742885629543997,1.8677130786437839,1.8677451555780127,1.8121746749820453,1.81204449333156,1.842925982968867,1.8423986970831934,1.7511014342898354,1.7514197672907013,1.7845173426773218,1.7844779258325143,1.7811947369799348,1.7809392460303959
81,3.2904999999999998,1.9599324044703552,1.9606564310638168,1.9446853921578986,1.944946411496966,1.8280567297903876,1.8283869002823183,1.902076588529764,1.9018237523162282,1.893942324652511,1.8939088109304958,1.8313268165923826,1.831527149010118,1.8418572610315223,1.84235134563385,1.8323240729210528,1.8323325684668914,1.8142514006292374,1.8136793881409008,1.772150489621429,1.7723473550775732,1.765586369330638,1.7654396962984338,1.793802623420309,1.7927408365914812
82,3.291,1.9902631539292477,1.9903946787207518,1.9732921181966565,1.973147069237111,1.9520156454786546,1.9521609130612276,1.9127476144803004,1.9122405678815466,1.929882596657086,1.9299888844459194,1.9020625011194738,1.9031166984217904,1.8202274829850325,1.8202931985075106,1.8053242156540008,1.8056554169903203,1.8264707064613515,1.8275120352892444,1.827167660434651,1.82745257341213,1.8222895657275433,1.8213693606993904,1.8222895657275433,1.8213693606993904
83,3.2914999999999996,1.9959419582394915,1.9963154498870128,1.9178483487800364,1.9185418289409113,1.927008632807748,1.927324498284436,1.8909171293543405,1.8919395932736311,1.8497625252997902,1.8505327151440527,1.8216431142362712,1.8220013951010987,1.7943537123450624,1.794190329527099,1.7830265348262095,1.7824173543350421,1.81087195583533,1.8100673778998013,1.783136782882322,1.7834508369627033,1.821202414937282,1.821165621767383,1.821202414937282,1.821165621767383
84,3.292,1.9831650690366158,1.9830718992086775,1.9127034509794623,1.9130594204304943,1.9012355905327971,1.902108538974883,1.9240479055915678,1.924553015761861,1.8527238758093099,1.8528691433409619,1.8302141849834788,1.8297875963457224,1.798231053004428,1.798005796098763,1.8157242587851454,1.8160590832161203,1.8356243130506606,1.8362740347827202,1.8136611770411037,1.8145017986298546,1.8327418248858078,1.832840897930579,1.8327418248858078,1.832840897930579
85,3.2925,1.9932345367850146,1.9923926345716143,1.9398881338429594,1.9400277481890666,1.9493385868773074,1.9494056141762013,1.9022341029966672,1.9019145829331512,1.8806991687394696,1.8809704327109158,1.8358753678280961,1.8351354435249603,1.8329893896630027,1.8333615696014953,1.8523623801565383,1.8527980267110342,1.835295081355119,1.834918403954903,1.805351475788014,1.804562577027129,1.7867594855048798,1.786775258492403,1.7867594855048798,1.786775258492403
86,3.2929999999999997,1.9334302272377544,1.9338599706316404,1.965181778764226,1.9649607072097497,1.952640411979051,1.9521061608889232,1.9244261454571627,1.9237782977057438,1.824141151641445,1.823559519236536,1.8483424327262874,1.8488115304460195,1.8352727762866257,1.8348759532321042,1.7894385142714861,1.7894077179795869,1.8427126596686183,1.8427950539447153,1.8420110568106731,1.841746320650213,1.7875811097106493,1.787044859718709,1.7875811097106493,1.787044859718709
87,3.2935,1.9284065141964595,1.9282327303094478,1.9584974348268436,1.9587225668144965,1.9191144955411858,1.9183251906257555,1.8993100371353866,1.8990507356182813,1.906974920469361,1.9069894753049916,1.865434840403967,1.8650645346143473,1.7968719265761592,1.7964696064329524,1.8352513235094852,1.8361325800021113,1.8176346899135365,1.8176524618424388,1.821413048131248,1.821960948327745,1.8371153415728203,1.8365917412867314,1.8371153415728203,1.8365917412867314
88,3.294,1.9882100703516745,1.9886984393180482,1.9381221560140443,1.938231473709004,1.9171073281590794,1.9171598630768072,1.883384433857131,1.883391867418409,1.8809879553838145,1.881691024068393,1.8659415707409168,1.8652968461994457,1.8352801808848962,1.8356597944700859,1.8341838525563632,1.8348325748188758,1.8106533056350196,1.8106283809678396,1.8088027870219157,1.8087888256625013,1.7755279702454536,1.776112757295289,1.7755279702454536,1.776112757295289
89,3.2944999999999998,1.9442174292721,1.9440865290801344,1.9020213147349405,1.902268903651953,1.92751915577606,1.9278607266937768,1.9192023818485686,1.9187005200998581,1.8828837746059144,1.8833719872361308,1.819072995335673,1.8192197933011212,1.8126114851068698,1.812570819002423,1.8494143279798063,1.8490107583367272,1.849890143484576,1.8506930348880084,1.82745656606663,1.8272941200499575,1.8015849188424242,1.8017494887114942,1.8015849188424242,1.8017494887114942
90,3.295,1.94915211519111,1.9502646880707664,1.9297456449224886,1.929720314447931,1.929561110101099,1.9297072833449722,1.9163326264025062,1.916874685932028,1.9160399202687521,1.915746761459797,1.840374390952153,1.8403337872935688,1.8177898743382215,1.8176575685548633,1.8456115192276117,1.8447946664110433,1.810836440206179,1.8112515038152677,1.796949788968237,1.7969208979382463,1.7690601653814695,1.768408569719391,1.7690601653814695,1.768408569719391
91,3.2954999999999997,1.9771617132225798,1.9777222630873545,1.9565033955884075,1.9565932859104243,1.957403320556478,1.95766974338913,1.8972512435139932,1.896748600986507,1.8638830270911753,1.864357153405062,1.8622289179732612,1.8626597545193428,1.8269305890953478,1.826943051324453,1.7749796972790606,1.774403749445857,1.8404463163051503,1.8400828507235325,1.8166014477273658,1.8164373462828705,1.7930289982529113,1.7929240846475383,1.7930289982529113,1.7929240846475383
92,3.296,1.9740349482861115,1.9734886409548293,1.96303692950958,1.9630663514453888,1.9424948599731586,1.9421335806471642,1.9354981798294295,1.9360236854896102,1.9230767977443262,1.9239620834822155,1.856149705038363,1.8560235524896722,1.830618904071963,1.8303811538203498,1.7986164602231642,1.798524165010469,1.892102758483227,1.8920804576116312,1.850466933324362,1.8500155450516922,1.7826628777007667,1.783173890723108,1.7826628777007667,1.783173890723108
93,3.2965,1.9669005014018979,1.967136596298364,1.9612514904450917,1.9611844631311266,1.9812757463226778,1.9814427213784425,1.9315011549969692,1.931232108614827,1.7827542238705818,1.7831643212629944,1.8490906532801261,1.8489984516345281,1.815894333501529,1.8161337392468522,1.821823868793275,1.8209815918707293,1.792687153613548,1.7928085587599547,1.778942926901972,1.7783194726180231,1.77827754881919,1.7786057829071913,1.77827754881919,1.7786057829071913
94,3.2969999999999997,2.0276697351557256,2.027553077544538,1.8635766317669509,1.8633801100160956,1.9176902470529986,1.9176557028118328,1.8882579295765627,1.889030337126209,1.8902178723962821,1.8903401519290128,1.8578481880718507,1.8579577556053337,1.8058537436004514,1.8062218318101968,1.8473886467378073,1.8474602029112843,1.8245869576546732,1.824860626769368,1.810769191462546,1.8110204034860082,1.7325021009558272,1.7321807070416566,1.7325021009558272,1.7321807070416566
95,3.2975,1.9311548481359824,1.9316858507770804,1.9397220982982082,1.939910967905222,1.9388480185729837,1.939292035727399,1.8921787746625225,1.892245708350573,1.8711166683466238,1.8719141563628283,1.851742113071635,1.8521583323098407,1.811540820354228,1.8122135611678627,1.7882814944342633,1.7881458779118864,1.8109067347712964,1.8110108049859561,1.7724752233250782,1.7724105697482344,1.7347073193216453,1.734890566867544,1.7347073193216453,1.734890566867544
96,3.298,1.9528668046587667,1.9523022255605413,1.9414310425088581,1.9421338615583343,1.8990744480875477,1.8982424782213625,1.9320430903909156,1.9313907762580123,1.8634506881697228,1.863234082983458,1.8303299007993763,1.8310327509661044,1.8235034899229403,1.8234237506506277,1.8067596468974152,1.8063034486070588,1.8446296549854884,1.8443477716352452,1.812180242641311,1.812588559751536,1.798926621723911,1.798967787688433,1.798926621723911,1.798967787688433
97,3.2984999999999998,1.9375565781119046,1.937300056371724,1.9300898042904424,1.9289762007779445,1.9466292547314241,1.9467116803145448,1.924496021308788,1.9242049864776634,1.9311625188393358,1.9307049774799268,1.849291836310092,1.8495133139403133,1.8463899467055023,1.8464027212104523,1.8547514339762685,1.8547872901907834,1.8581604313968947,1.8578479701732606,1.783056297435698,1.7828711132645128,1.7471642982174729,1.7462279457987058,1.7471642982174729,1.7462279457987058
98,3.299,1.987693411528151,1.9877492883325976,1.932959296893339,1.9329061372121035,1.9462201590453376,1.9464382947223093,1.8886029072940826,1.8896413937654852,1.8718568739190515,1.8718662126984054,1.8259808215690199,1.8263065569957408,1.8177100881848347,1.8171134635605675,1.8450155393715129,1.844953446941715,1.8356559205219782,1.8358583456141524,1.8134232067481935,1.8132927439739803,1.7900698041292031,1.7907323628825904,1.7900698041292031,1.7907323628825904
99,3.2994999999999997,1.9513806699295835,1.9516810749520292,1.925449332600547,1.9256118411315566,1.9000200743146765,1.9001711825351908,1.8778269294734884,1.8777984131808778,1.897348218540662,1.8977836152573206,1.8428757317286082,1.842603686951036,1.8066893064494398,1.8060493920967409,1.816187883227356,1.8163218129636582,1.7732861683292616,1.7730991102189797,1.8170504311938367,1.8165529108696792,1.771239557342429,1.7715163809730576,1.771239557342429,1.7715163809730576
100,3.3,1.9985032394266498,1.9991100463018379,1.9422578916931008,1.9422517697954067,1.8833102437313638,1.8829091102602615,1.8852437897719596,1.8848546188982302,1.8870235462213014,1.8875705405502246,1.8166930251060351,1.8159925487792015,1.8424162237763666,1.8425184201932505,1.8575009363623423,1.8571653310329785,1.7802030162263625,1.7808686359227381,1.8279634866217391,1.8288411200236543,1.7855418969540562,1.7857994493597795,1.7855418969540562,1.7857994493597795
