,Frequency,Signal Run 0,Background Run 0,Signal Run 1,Background Run 1,Signal Run 2,Background Run 2,Signal Run 3,Background Run 3,Signal Run 4,Background Run 4,Signal Run 5,Background Run 5,Signal Run 6,Background Run 6,Signal Run 7,Background Run 7,Signal Run 8,Background Run 8,Signal Run 9,Background Run 9,Signal Run 10,Background Run 10,Signal Run 11,Background Run 11,Signal Run 12,Background Run 12,Signal Run 13,Background Run 13,Signal Run 14,Background Run 14,Signal Run 15,Background Run 15,Signal Run 16,Background Run 16,Signal Run 17,Background Run 17
0,3.4,1.817659739488539,1.8175351161192077,1.8373320815520724,1.8387244877322864,1.8535658897324108,1.855121336759353,1.8822170338365567,1.8818953250318153,1.8992323121128245,1.8990599013382918,1.9016838599273296,1.8994347084612595,1.9226958435860393,1.924767586747642,1.8978936301389417,1.8977224685888991,1.859432237706632,1.8614021584378353,1.8682389391815346,1.8669477307647455,1.8647904113123337,1.8646383021876136,1.9164331213492372,1.9159899127890998,1.8605113647406493,1.8601721648573735,1.8970475078925615,1.8987694317258301,1.8913373263864897,1.8913944843802206,1.8870904558082702,1.8858873268430711,1.903372675517193,1.902796722877681,1.8816467043670853,1.8830694077493713
1,3.4013,1.82794474065243,1.8301573482974354,1.864721380040293,1.8678022895165038,1.8525957635531454,1.85449540789657,1.824466224438841,1.8252423861892546,1.8904949476813258,1.892810314958925,1.8859704108502233,1.8889138912440098,1.8630185168091367,1.8628826488941006,1.907796328481763,1.91176584202274,1.8536961343619567,1.853332884294659,2.0104689627642705,2.010186296266342,1.9421735869260288,1.9382855939288146,1.9176715448439168,1.9187728511705913,1.906545725867949,1.9036378518971824,1.8875748932037342,1.8854334988534536,1.9020939600144802,1.9015126975610084,1.869310259246129,1.8712864266240548,1.9039458170669514,1.9080124677858594,1.9332900442149152,1.9358462246443915
2,3.4026,1.838393097385116,1.8386838847235722,1.804411585506015,1.8040642646242775,1.9048088090351523,1.9050614911166506,1.8318577216431262,1.832260638582323,1.8911652276086774,1.8923939684455047,1.8773223735537354,1.8808427436401107,1.8673465894175882,1.8665135817782523,1.9163156811797315,1.915762529361465,1.8696497732733288,1.8699605503781611,1.8996283587682619,1.899926330081157,1.9517726910500781,1.9511258374279483,1.8657308581467373,1.8673659515539553,1.8774507452850622,1.878680735462186,1.912568865992454,1.9166561308657764,1.8468293690130493,1.844189794529734,1.871327968044728,1.8719245350230667,1.9092974290781823,1.9073796690858775,1.947273450570518,1.9466728231453194
3,3.4038999999999997,1.7896720031085407,1.7898081830313572,1.8182356924355745,1.820271516424241,1.8272572854968256,1.8264658189138543,1.8649543831643791,1.8677504399059544,1.8598014205843734,1.860373937380941,1.881038580609175,1.883055039488727,1.9327312719594008,1.9319544853153516,1.9129333659172505,1.9178889328375015,1.8915381604623986,1.8914407104846578,1.909146571317212,1.9107610506555428,1.8913741830611617,1.8926007372129772,1.8780838548701835,1.8757575557275563,1.867320974341525,1.8659304422646474,1.8803326945185164,1.878849709978728,1.889061313071876,1.8895832311741494,1.953983114167184,1.9509078265999265,1.9151840776773488,1.9176855989758927,1.923488541384881,1.922423778391029
4,3.4052,1.8522206453650238,1.854486038285132,1.8541093578462298,1.8540497011012045,1.8490197992781232,1.8487240145847794,1.8480328095545475,1.8478741414057749,1.8750579185547138,1.8746609360530342,1.9067549916490438,1.905014952494794,1.863360519551663,1.8644786922559609,1.9120622517541843,1.915770025181207,1.8867137766531674,1.885476290434926,1.9388980862545595,1.9358362292006723,1.9060750299052835,1.906543225712698,1.8873193998177253,1.8868318387481358,1.8994134691838227,1.901089478993962,1.8936039681060133,1.8939809610267941,1.852477075461006,1.8542339808576447,1.9027726718962161,1.902500937086076,1.9103581310757782,1.9093055495151212,1.9017344579456414,1.9014571008945826
5,3.4065,1.812404336935613,1.8135809166977437,1.8207971818142115,1.8220787079809335,1.8666060311697747,1.8659513688513552,1.859544051450781,1.860333956123233,1.893987833158747,1.893530881405385,1.8663739634154226,1.8662127966070319,1.9125110823802047,1.9139259770876875,1.898636995168355,1.8999325762525376,1.8673640773990223,1.8666888009413012,1.8847435420653635,1.8838596232496596,1.9166745583099059,1.9152028181347651,1.8776953059894341,1.8820171371406809,1.878819101072706,1.8806915721667565,1.922020863528691,1.9244140032772543,1.9089373021815823,1.9064813824339717,1.8909534623071453,1.8902791231396732,1.9196567688340278,1.9195927395199694,1.8661506566740667,1.8661356640163336
6,3.4078,1.8017495160706194,1.8035492119262317,1.840338967989615,1.8380070470062857,1.8684435202329752,1.8660919218352088,1.836440361812834,1.836894189968975,1.8815455061585455,1.8847788370486749,1.8948224015409103,1.8972614549554652,1.9042775202384548,1.9014261797864194,1.8367264578509852,1.8387675917388724,1.9072188143004216,1.9059197975864746,1.913609891377035,1.9112283083132835,1.922523415734282,1.9238558527848502,1.874121837916963,1.8707276528063752,1.9059819530552622,1.9071707143952954,1.9154836109762254,1.915534834642322,1.915085066071044,1.9150035455958592,1.9382156260229317,1.939761703062954,1.8677135845040866,1.8678722524816203,1.863136573970752,1.8662187329364692
7,3.4091,1.8601209426038767,1.85879256576024,1.8233199412838539,1.8240014644446734,1.8532963396258864,1.8525604694850892,1.844188541705349,1.8424100848675273,1.848949521358424,1.8497987703168615,1.9020227482255136,1.9014015062852263,1.8933450391503475,1.8930327004017744,1.8611482247224844,1.8590477465605586,1.845628426934747,1.8458951641490366,1.880618484008584,1.8789943226256391,1.9794496559101984,1.9806746488147486,1.8744070035506561,1.8732135572532456,1.9003798449252067,1.899721434842526,1.9200128345371255,1.9232574097861213,1.9055759139549135,1.9042447261076272,1.8641104440464793,1.8635869642270402,1.92348042113489,1.9246351376349067,1.92348042113489,1.9246351376349067
8,3.4104,1.7741225339414954,1.7733510571456454,1.8389028328648487,1.8398211087012541,1.8768351245694213,1.8765805683153494,1.8291057086899076,1.8280019036171207,1.9153136981563408,1.9165568064136052,1.9457126954028308,1.9459200886367374,1.939301940703524,1.9380457141831544,1.7893815383815843,1.7880678412254882,1.9280855427812096,1.923986721077562,1.8804360780753464,1.8821027178646814,1.8873009727708427,1.8870226790407079,1.8805828780060443,1.8783943201591,1.9539147108175752,1.9521968473574123,1.9342148794461922,1.9343301325224178,1.8776675089999584,1.8778458545090517,1.884969363406153,1.8852370377324925,1.9198057549638228,1.9206165865870148,1.9198057549638228,1.9206165865870148
9,3.4116999999999997,1.7924827437243325,1.791834953201346,1.825146499267793,1.8215571027712498,1.851564109097216,1.849477061601549,1.8427283614669647,1.8414015463949749,1.8273097567238057,1.8251393148599995,1.8374560852195303,1.835782574443026,1.9258773081389609,1.9272775230293293,1.8764874920781525,1.874858020743467,1.8887920776869374,1.8880949374315075,1.949386113020137,1.948761122781731,1.9325248135426205,1.9349273233681947,1.8479603463972283,1.847047380266015,1.8679034905591023,1.8660388281574314,1.9161348373620657,1.9143885512578485,1.8908213433430432,1.8948317731010202,1.9123499160977502,1.9145650227283795,1.8793363342274447,1.8794612695594715,1.8793363342274447,1.8794612695594715
10,3.413,1.7791024609979886,1.7820418807974934,1.8762451172584853,1.8760286664193855,1.884801949960148,1.8888914013088187,1.8776803129220772,1.8761164327860647,1.8886509032869507,1.8894761025705744,1.867945653456357,1.8702788242562252,1.8600384879479053,1.8628963875448323,1.896985034604927,1.8970181425777646,1.9182265699643906,1.9201002901831807,1.971765185621257,1.972463262797179,1.9190851898445591,1.9156485260502238,1.8732276164817196,1.8727884682210334,1.8517683797670028,1.8540581349561887,1.917262067361751,1.9142917256072778,1.920697482206881,1.9221261198199984,1.9025081223269285,1.9031577870410554,1.9068752420029818,1.9089610404610802,1.9068752420029818,1.9089610404610802
11,3.4143,1.874626577662532,1.877341426185334,1.8562098352054393,1.8570159814676725,1.8899995788471602,1.8933322335409104,1.8558125416927362,1.85555579910635,1.9389115180488348,1.9389393160746864,1.9086099716664546,1.908679310924098,1.9140852734728506,1.9134702783120174,1.8742873786560348,1.8761404844918161,1.8929140126070325,1.8952540546016559,1.9415642102599662,1.9412221991141259,1.9007202950357802,1.9012731347070022,1.9056152681485747,1.9075236576980887,1.9219399652382851,1.9210991492342049,1.8950116824805203,1.8922303056118936,1.914553153801343,1.9185161079651074,1.9213771318717479,1.9190855023090339,1.8894839076833148,1.8895048342861347,1.8894839076833148,1.8895048342861347
12,3.4156,1.8306852023831257,1.8326688658059103,1.8203008843481108,1.8203246219695792,1.8863702022920452,1.885296069300217,1.8741268355783072,1.8754149205578374,1.8603514475156544,1.8618210011741576,1.9212290822006879,1.9219521466226133,1.9106582903768095,1.9093883207762181,1.9102400683250105,1.9107651099071683,1.9034213997203673,1.9018144169003863,1.9035179124256707,1.906392678379831,1.9096953488511923,1.9081139778411567,1.9146780887598214,1.9135683490674396,1.899479997217488,1.8968504173012155,1.9210379317744584,1.925052109703348,1.9107622973067664,1.9102691143540824,1.9063033504298423,1.902035553431714,1.922923209513052,1.9229272697455693,1.922923209513052,1.9229272697455693
13,3.4169,1.8169198120084529,1.8200631893000514,1.8546590761822408,1.8555867225608444,1.8480674790030636,1.846968358756773,1.8411310588079346,1.8401268896856726,1.8891140993663047,1.8875442847835167,1.8985042525781068,1.897193991414226,1.8917911533597824,1.889159699262722,1.8500239684345976,1.8465626305177933,1.891546281014691,1.8909915672176663,1.9003751594973488,1.9049309327195127,1.8819321810438832,1.8832399431252638,1.9120097796476576,1.9111961371053083,1.8931582602876007,1.8954608216182134,1.8983299658379087,1.8958481218018055,1.8973673382533585,1.894022502365323,1.8867649990410582,1.8854038267181485,1.8966317799323054,1.8946752901533888,1.8966317799323054,1.8946752901533888
14,3.4181999999999997,1.829334024157623,1.8293018534335335,1.8314910349814044,1.8291275677754903,1.8596917877526997,1.8607865352159552,1.902031806219518,1.9024718914850445,1.809760381558365,1.8075530834386937,1.9264332709489387,1.9285602980235013,1.8648216388099907,1.8695516969529142,1.8973913877605055,1.8972017981465341,1.875132254374564,1.87533058953482,1.904617657331166,1.907013920183804,1.9192207440815015,1.917640310076476,1.9344072801473364,1.934306707025889,1.9383945967193499,1.9371339973773145,1.866107226434217,1.8614611875023483,1.807017117605899,1.8070080594604978,1.8787894289730411,1.881632024076043,1.9085015897772821,1.9098262186195847,1.9085015897772821,1.9098262186195847
15,3.4194999999999998,1.8301998276354707,1.829626998204794,1.850136096186635,1.8503844054727046,1.8391555153172316,1.8396615040865212,1.8871879064292292,1.8872700513222025,1.8599888224341803,1.856097081574702,1.879039300233041,1.8810288982732077,1.866956787537466,1.8695816824745235,1.904550506289248,1.9004154533175275,1.8984008679448112,1.9014802161277908,1.8836128768931462,1.8845833134830097,1.8945644095368583,1.8940037615512384,1.8663489787676817,1.8655893710624314,1.9044386881111934,1.9039676814545596,1.9135674118252182,1.9108406944030576,1.9158256221378496,1.9145662725155168,1.9210026373657898,1.920115282705894,1.9200019028367432,1.9198804031307444,1.9200019028367432,1.9198804031307444
16,3.4208,1.8662662060321396,1.8665701116301106,1.8645011794877182,1.8615676941034651,1.8702235392843944,1.8731036150037281,1.9245636112821203,1.9211253859189679,1.889409571568511,1.8865932130631713,1.9711617470232812,1.9691765215594608,1.8965218367527783,1.898871248847499,1.8818237999929044,1.884444009516879,1.9080924291594892,1.9124323762880515,1.8923746028386355,1.8930439449283554,1.9305736332127321,1.932242459195575,1.9023535134687364,1.9019109293359162,1.908055882017837,1.9050211987977257,1.8691803276620906,1.868832694913545,1.9072775346428243,1.906873056021414,1.9321559423512409,1.933463080119539,1.8764381446104503,1.8790839660397662,1.8764381446104503,1.8790839660397662
17,3.4221,1.8407768654267054,1.8384268287988903,1.8799100995094686,1.8828916853298756,1.8661284642160254,1.8670495511090093,1.8772761469918455,1.877617532872658,1.9080561947547845,1.9083073149201877,1.8966948730986233,1.8951687858807635,1.9460806300409121,1.9434544855047189,1.9094517239930215,1.90889732259823,1.8344616895398422,1.8365918398507655,1.9074337035020767,1.9049128174025707,1.8873128408709157,1.8865991469457881,1.8590646121777519,1.854302070977047,1.8625902947303454,1.863421115565474,1.9043256245650924,1.9032995917765176,1.8875221077866202,1.8889519945732507,1.925870125860683,1.9238761551490313,1.9137660613127203,1.9158387413121152,1.9137660613127203,1.9158387413121152
18,3.4234,1.8356626309767732,1.8356170296053134,1.836480960405742,1.8358597185216792,1.8400965935205171,1.8391208473929244,1.871356703483607,1.8699874103251628,1.8580345195867813,1.8580392047064016,1.9021914101869222,1.9048038116909154,1.9101110723093249,1.9099089888604959,1.9135689734783814,1.9121700081616841,1.8956582208193624,1.898099460579337,1.8892927565393876,1.8887461638618506,1.9242216007068147,1.9205931609044096,1.9838505252125596,1.982520898214927,1.9039604976207418,1.9024000531084149,1.9089944605606581,1.9076207946957686,1.9123823992590696,1.9091724937917243,1.8901638691844949,1.8938154215638796,1.926141548420503,1.9257864194178145,1.926141548420503,1.9257864194178145
19,3.4247,1.844430294463783,1.8430578780598659,1.8719510835851252,1.871916414026104,1.856974128822226,1.8565665268228113,1.884526466288111,1.8896007218626198,1.8623969541398788,1.8607993414592803,1.8982250213255005,1.8989596421558443,1.9163491007728193,1.9179895040022252,1.8866678616142063,1.8867481327947733,1.8471101619979327,1.8490085567949475,1.8738907079700635,1.873619285462938,1.8916737159870722,1.8922574772121075,1.85699567996266,1.8568435709221507,1.8809330087587492,1.8827892380657056,1.9091868611820775,1.9093327234767157,1.933154177454007,1.934974800466887,1.9055874689818837,1.9073122036785959,1.9181603593526242,1.919987541063941,1.9181603593526242,1.919987541063941
20,3.4259999999999997,1.865062764855598,1.8647582346084355,1.8181076333978654,1.8175279327964176,1.8681058824394334,1.8670064496978125,1.8072551113642743,1.8085560022608018,1.8508054400389264,1.8525030011249364,1.9261056280920075,1.9279131327076804,1.8757941023156506,1.8769800525509996,1.7600204543323448,1.7615937039960434,1.8444774574065825,1.845152733860152,1.8890088399983027,1.8874705717165638,1.9278775252886045,1.925908541577983,1.8852748298870692,1.8839767499000895,1.884834432461203,1.8873631272375646,1.8798860513410434,1.8756735382687026,1.8800472168453057,1.8813574780015774,1.876411282314659,1.8774557430514447,1.9204616658399627,1.9233295604033993,1.9204616658399627,1.9233295604033993
21,3.4273,1.831882397943279,1.8313639159551585,1.858991525577776,1.8598585775712806,1.8853729047866814,1.8859797789660688,1.862001851683084,1.864296604415727,1.8997910862292564,1.8989827535850294,1.9094938900402494,1.9073031458130867,1.8994918748479996,1.898076981010392,1.8710681024817373,1.8709010010735887,1.904273459885534,1.9028516937844977,1.9371399327523875,1.9376062546313169,1.9198438613199185,1.9200906090797385,1.9146509153485332,1.9145253552859245,1.914575953802966,1.912507958866172,1.8723071500007695,1.875541105359907,1.8523908700970797,1.8545025925996181,1.898703522635277,1.8994150302447828,1.9101482396262968,1.910234445122868,1.9101482396262968,1.910234445122868
22,3.4286,1.8483735688579213,1.851203982673962,1.8095729812737789,1.8102760559888498,1.8397361533968029,1.8400990912074706,1.8849150165455908,1.8841669652130435,1.8699886603308482,1.8705449357802981,1.8932797597924718,1.893827289559796,1.8735237093160277,1.8728871630769897,1.9374188501092613,1.939415319761396,1.9290984578630455,1.9278744025597034,1.874183681450421,1.873681128428796,1.940562852339443,1.9397891892782992,1.9112080055353418,1.9114616246452951,1.8907960420548302,1.888625912343046,1.8794981254623018,1.879788912826753,1.894960143230882,1.8967026813530041,1.8936814280195768,1.8957800322876994,1.8741849306026466,1.8749045592586844,1.8741849306026466,1.8749045592586844
23,3.4299,1.814128127129465,1.8126804370904548,1.8420936855926098,1.8406463078307829,1.901947785255084,1.902556845877189,1.850139532475178,1.8500336496043097,1.8542108685889005,1.8539416325806735,1.9338191455241927,1.9338581877142595,1.9142992248858686,1.9162807018454984,1.9050115181218452,1.9059044948599102,1.8814564895756294,1.8816235908971926,1.9292515041943816,1.9304305831883144,1.9031246785637248,1.902059915730373,1.885047447176889,1.8837153224993908,1.9027539322145546,1.9051049060372711,1.9320950370521575,1.9299695714192666,1.9064042349386858,1.904380904501044,1.904720416581765,1.9074346403870517,1.9005894240871695,1.8976028410040193,1.9005894240871695,1.8976028410040193
24,3.4312,1.809773498554795,1.8086393966995438,1.858623279064184,1.8597779955095421,1.8686290498044646,1.8691153610107913,1.8976347004936118,1.8958449991806934,1.8472304105561839,1.8482283328462086,1.8810876183125962,1.884329694466981,1.8731670186072253,1.8706973561571025,1.8861553156956896,1.8843009605595384,1.9299264696531833,1.9307601020334164,1.899034289860083,1.9008502276193204,1.876371615950001,1.8756073229599848,1.9003973357561754,1.9014886471640704,1.9558152927748607,1.955389887388156,1.9085112723176383,1.9107276284893455,1.888942937903027,1.886886187100972,1.8997379888971142,1.8997345534152683,1.9033152045972341,1.9007393467836662,1.9033152045972341,1.9007393467836662
25,3.4325,1.8416473540101415,1.8443581421895872,1.8162785784021762,1.8160302692661257,1.8745113248963707,1.8725501499274564,1.84021090948857,1.8412453753127742,1.9024653308637895,1.9024740762781973,1.908807058174687,1.9100523527493447,1.9197901384478717,1.9194956030292087,1.9026745976405495,1.8989602650136652,1.8853591624500305,1.884300958788378,1.8805072919440358,1.8814539908275154,1.9195252736609936,1.9207618228413745,1.9229100897047564,1.9215873350777029,1.8221746014023024,1.8231456624232378,1.9068852367242501,1.9047310361586782,1.899967869662063,1.9019927617751526,1.9105505317887914,1.9097509444777474,1.901282816277247,1.9015623594527564,1.901282816277247,1.9015623594527564
26,3.4337999999999997,1.8571427916866188,1.8563913046048384,1.865272350072803,1.8680118737387197,1.8509225660014108,1.849194083533682,1.8690169733564894,1.870859772105109,1.8955685792884969,1.894720267134312,1.866651944662211,1.8688979725567343,1.8496772704702864,1.8496229236672104,1.914394798483267,1.9159586788281235,1.8989571417646745,1.8985610961667831,1.9273193758924687,1.9271135446333278,1.9310124692887505,1.9302940901506913,1.9060903344305675,1.904188815993386,1.8714647721855535,1.8719788820019225,1.901566108053574,1.899704881306431,1.8487002819396758,1.8465919954384789,1.9236846900655586,1.9218743745261504,1.8950173010121263,1.8975581767812186,1.8950173010121263,1.8975581767812186
27,3.4351,1.819993847561536,1.822856432409734,1.8518555267311059,1.8537632916495295,1.8491784655621437,1.8493817980903304,1.8367567582584612,1.8388944045465285,1.8937314022994631,1.894391998949096,1.9019368533323404,1.9019343547748577,1.8890897358138639,1.8897322165851484,1.926328325332074,1.9288517104043394,1.896363792910336,1.8997595400256762,1.8389093961057097,1.836369769355576,1.885958539366067,1.8877635450602457,1.8767195599665834,1.8770406441831633,1.9054575357977852,1.9046857466295923,1.9114691208783057,1.9116343482449196,1.894962644288104,1.892423017609759,1.8571537251386485,1.857513539424425,1.879892617747358,1.8768719896622768,1.879892617747358,1.8768719896622768
28,3.4364,1.8077461075447687,1.8103079099595367,1.844024565548405,1.8436956730623715,1.827710488234778,1.827141094727734,1.8423882235065097,1.8440442434688353,1.9137301411985286,1.910210083061409,1.9113198225028003,1.9114713069368394,1.9023422695594618,1.8992220053023599,1.9226967617518236,1.9245570515011523,1.8342836574124568,1.8342380558165374,1.8876298672891039,1.8854153855760496,1.9002502260699776,1.8984164850534235,1.851054060046174,1.8515503664989335,1.9193325621799981,1.9176484313654032,1.9275436355160849,1.9280402540149821,1.88811898720909,1.887734185821063,1.903881162188552,1.9015273772424108,1.9069183455060157,1.9074352662195757,1.9069183455060157,1.9074352662195757
29,3.4377,1.8482252070755067,1.8492677939786817,1.8022042826696663,1.800363045684258,1.8408586983956159,1.8412866026105412,1.8751847276217204,1.8758181506209404,1.8829110512220482,1.8831056382855291,1.9232564734188404,1.9226911401480111,1.8714272918890504,1.8720910119292213,1.8691715834322142,1.8725885695971072,1.8976250182560102,1.8977512032012465,1.8817479050550106,1.8806344177243814,1.8954186578314893,1.8980978995244069,1.878756945739979,1.8777234167232728,1.8702382212039432,1.871763683753199,1.8868605736287176,1.8865232477759029,1.8991870231138472,1.8974760312446985,1.9212906127726403,1.9177817990477144,1.8608318252579514,1.8605604029168792,1.8608318252579514,1.8605604029168792
30,3.439,1.841977184685912,1.8399088776659334,1.821749190623227,1.8230350890241278,1.9116746391523631,1.9120157132196327,1.8606909608384505,1.8568282675356778,1.8871373076891964,1.8871135699760913,1.9124361218221229,1.9130451826400774,1.919861038888359,1.9201640072340542,1.9325201287117046,1.9322927461256736,1.890083601310742,1.891708075117825,1.9019249846782593,1.9036793914297745,1.884035157925284,1.8812531564286223,1.8973560947179373,1.895214075315402,1.867167616732278,1.8663536619885024,1.9325369953885942,1.9314188224468067,1.841642983935972,1.8411163808181756,1.8847110586274025,1.8863836326590562,1.8662674592789603,1.8684257202549543,1.8662674592789603,1.8684257202549543
31,3.4402999999999997,1.8550057694896704,1.854624091564972,1.8393273029399324,1.8410026881912775,1.8996714613316226,1.8992373103977631,1.8468000061031302,1.8450284209287746,1.8925885543443532,1.892473613629865,1.9445689101062222,1.944499883355069,1.9078288121977935,1.9066775313520836,1.8714703941308157,1.869274652673695,1.8712711223281508,1.8702591446117345,1.919306638801393,1.920238345481731,1.929515742086496,1.9297637390444862,1.9115949930249254,1.9124514260054735,1.8762085741607213,1.874201797677825,1.9109793729051228,1.9133756359795948,1.914200835777271,1.9189899261252727,1.86864466577593,1.8652173725675432,1.8789246711135164,1.8808368089894036,1.8789246711135164,1.8808368089894036
32,3.4415999999999998,1.770842975934933,1.7700992974999954,1.8495717008757315,1.84742562118662,1.9201593225963027,1.9174485342857879,1.9056280731189679,1.9034426388342467,1.895577012467492,1.8937301532828683,1.924278445493364,1.9221086281204984,1.9003017607956463,1.900168704638977,1.8889473094183604,1.890343463623109,1.901957469901135,1.9037000077679644,1.891547217129269,1.8913926095566427,1.8746774883038628,1.8787688136675569,1.8955479639991772,1.897074988387998,1.8900607967386576,1.8895079570902396,1.9208249163710203,1.9202742628637948,1.8912845409232202,1.890952524757864,1.9158321808027103,1.9179879429289366,1.8699646116235067,1.871721516921026,1.8699646116235067,1.871721516921026
33,3.4429,1.8337483068956772,1.8328031699513245,1.8271036132567893,1.8275430739524494,1.8970768637552429,1.8945812769220967,1.8666878631466197,1.866961471969838,1.875901232133127,1.8757063327656005,1.8694142697385974,1.872567641760973,1.8826739859355617,1.8833608189547557,1.9538525555131065,1.9520915893021131,1.872406161685765,1.8722168845614013,1.8910143675103672,1.8934730982759729,1.9031365465977925,1.9023916186522507,1.9368432101694775,1.9349929151344372,1.891647165725164,1.892196257306161,1.8811047960936962,1.8818956378501392,1.897239278761669,1.8936833019185524,1.9134352932456815,1.9118732870719268,1.8899346121966123,1.8865316812877635,1.8899346121966123,1.8865316812877635
34,3.4442,1.8245639884582454,1.8251680517004358,1.8244256219130657,1.8249234898603768,1.8479103710148495,1.8477576375283302,1.8545269537252198,1.854257405569997,1.9028726213143372,1.9011997347119294,1.9333643803073624,1.9306988811431525,1.9259060425395047,1.9288588934620712,1.8908516391198722,1.8887783344547489,1.9305414629371276,1.931143964484659,1.9006528354171568,1.9002973945590005,1.922008367509711,1.9192241797289575,1.8813843415383589,1.8809614348604278,1.9321596899586844,1.9329645869610654,1.9026052582846658,1.9018144166125426,1.9010729260426091,1.9010160802174223,1.9040185929268416,1.904107921731891,1.8766071195301506,1.8781032221155582,1.8766071195301506,1.8781032221155582
35,3.4455,1.8556885429028398,1.85330383658754,1.8522293902473368,1.8512617649479974,1.8452170736156517,1.8449322208330095,1.9044383752908667,1.9046548260029608,1.8866191359454865,1.8850536942259906,1.8969962789694854,1.898419294386739,1.891066840481481,1.8879487625449696,1.9203295468430535,1.9201290253424619,1.8954951786607839,1.8974601018183026,1.9341030618854107,1.9333762494283162,1.9064470250525758,1.9066822161032821,1.9193531758295475,1.9190555173134063,1.8558044198616581,1.8560755298900913,1.9058485840534796,1.9046192185129465,1.9068992921879924,1.9072425527089305,1.8962438552622507,1.8985595347954105,1.9024856366661762,1.9044799193850113,1.9024856366661762,1.9044799193850113
36,3.4468,1.8292793647605452,1.8272313599062249,1.866157513449512,1.8645539664450257,1.8563225899303188,1.854146838261629,1.8653997827970903,1.8682954754449166,1.8477373366728982,1.8470511282070847,1.8377022065064201,1.8361798674690404,1.9206350139932542,1.922994108723325,1.8470364466973208,1.8464504991241952,1.9350054113552593,1.9356909948180006,1.8792751151958829,1.8797280065769766,1.9270264037201814,1.9280283862560603,1.8835910120331718,1.8862746265496682,1.8683448200973625,1.8695160904779209,1.913923167295196,1.9129514814048938,1.9392297900240756,1.9379629440411832,1.8658239342239724,1.8679746989573083,1.9071123070897151,1.9056577454819539,1.9071123070897151,1.9056577454819539
37,3.4480999999999997,1.8129321846941193,1.814174355648949,1.8380264109678102,1.833614313984539,1.9250386789467715,1.9261705946642267,1.8668181088552442,1.8650518331866937,1.9183130876324725,1.9228766696573236,1.8742252224202611,1.8746203307907399,1.911052462967136,1.908214552827306,1.8927715848901727,1.8912836030571543,1.916231663171208,1.9169106874213122,1.917129011625384,1.915350554524703,1.9018187896145378,1.9004270081046661,1.92121940049517,1.9203660906568665,1.8903100434908746,1.8906464322813863,1.8736608312425804,1.8726391711306591,1.8961095498124736,1.8969912822922212,1.8964740489310312,1.8956135555319702,1.8526444905372368,1.8515441208933034,1.8526444905372368,1.8515441208933034
38,3.4494,1.8598170376471788,1.862659320272515,1.831967978187074,1.8309072758342348,1.908926058598786,1.908866402006732,1.883385805724739,1.8843153257998704,1.8691156725150846,1.8674006202546598,1.8369441583445965,1.8363813239195943,1.9153811635151348,1.9150119790386007,1.8505102799560995,1.8513595289959868,1.9044355652986866,1.9046201576830817,1.9633439061578783,1.965811070181206,1.9184736295331257,1.9164709132770634,1.9239333113424057,1.9227895264109984,1.8752434459982892,1.8779401790113988,1.8691747042725013,1.8716275005118181,1.923878339731123,1.9278372335669554,1.9024469038035827,1.899851056105645,1.8604057946669619,1.8609505135304751,1.8604057946669619,1.8609505135304751
39,3.4507,1.869426137475154,1.867871939958125,1.8210095732059934,1.8188416300805805,1.8800606470742773,1.881473355151239,1.8635048196279593,1.8608177694877437,1.8686352962275519,1.8662159202768964,1.8877716669273332,1.8879222144850187,1.932104094365362,1.9308094502027038,1.9362594487279379,1.9344282064646963,1.9165215131175708,1.9192372985079809,1.9029232191854755,1.904253782523878,1.904703550110211,1.8980757215326545,1.9280780470535008,1.9254703304879286,1.8925395177287123,1.89002862631992,1.9339509524125023,1.9352249823236711,1.9144869376271476,1.915309013332817,1.9429250712115014,1.944351834606779,1.8937620108724271,1.8905539795265272,1.8937620108724271,1.8905539795265272
40,3.452,1.8476848641907468,1.8445164998661148,1.8379967398178818,1.8381585311018853,1.8705614885808968,1.8706052160894888,1.8758137766517613,1.8781235218219459,1.9130330011715766,1.911779273316056,1.9227576681046112,1.9270270267732499,1.8895176393180868,1.8907410701304839,1.912510146878892,1.9111692765524906,1.8399241943716351,1.8420103050335626,1.9165021473081791,1.9144038551727522,1.9218253373386365,1.9171967887669175,1.8873215871020421,1.888472867894219,1.874494458571408,1.8719223487999443,1.8351063634123663,1.8371740461234916,1.87054743559616,1.870487779021355,1.9000665686623106,1.9024650180562743,1.907339065348356,1.9071344834696844,1.907339065348356,1.9071344834696844
41,3.4533,1.7978053046701405,1.7969282574589338,1.8483873110972942,1.848629061124655,1.8377905983048592,1.8433558501232443,1.8504496845231637,1.8493808611433733,1.8936533176246972,1.8952449959684359,1.8923333810105196,1.8903900089866952,1.9112960846349634,1.9136236330617338,1.8996942610744358,1.901958717228896,1.9065069950591014,1.906817147351348,1.910949077007156,1.9124336232487953,1.9247388336077607,1.9264432664617623,1.9444786433151464,1.9435182015369674,1.8730002291657863,1.8739303741046562,1.9013412235373988,1.89844927903893,1.8758743718418305,1.8744619758305614,1.9015370601800696,1.9006203458807434,1.8760542790319334,1.8740584344352986,1.8760542790319334,1.8740584344352986
42,3.4545999999999997,1.8704818418294107,1.870242278011847,1.8303132056531022,1.8332894816039722,1.8715509781530144,1.8711658645293991,1.8875255444158174,1.888074011352224,1.8986647930389964,1.9016126461706144,1.9076895098445033,1.9058991839807518,1.8813715339655468,1.8813040687083717,1.9114475700403661,1.9117627199563643,1.8973717115292956,1.8983474578471433,1.9324317371309399,1.9301972655561082,1.9327693748865709,1.9324817108121188,1.9513073067890938,1.9545037819995896,1.8951562911964939,1.8934121914414936,1.8203752224033642,1.8187329453285856,1.8941586818047385,1.8919463861357828,1.8875333516311266,1.8857358419325208,1.884889091978763,1.8823682057543982,1.884889091978763,1.8823682057543982
43,3.4558999999999997,1.846853729446702,1.8486699794378445,1.8437287796374853,1.8398913859779968,1.8922274914145147,1.890641123082985,1.858259402886138,1.8600141222695605,1.877917378290847,1.8772989475063002,1.9075142877255407,1.9109431427035788,1.908333551184347,1.910519922590267,1.947317178226502,1.9480845944082554,1.9359833410635934,1.9352999439524887,1.918393359609136,1.918445520163585,1.915981166868837,1.9166220862554588,1.8569656962338732,1.8592645094902387,1.9099442834427796,1.9112467362210663,1.8965184049368442,1.8947936700681862,1.9003661025391598,1.9025605946733157,1.8917608568448623,1.8901473149051489,1.8976587506319733,1.9023772524698574,1.8976587506319733,1.9023772524698574
44,3.4572,1.8494402054927992,1.8506611377116746,1.8411863421494123,1.8407512543928388,1.848316410930574,1.850063009188606,1.8239411865313486,1.8245639902247615,1.89318918282078,1.890196977462514,1.9272806470379515,1.928119589137038,1.8848862817283787,1.8834107935297226,1.9374991209409684,1.9399406732352145,1.9157459760298923,1.914743993271814,1.925471268044822,1.9247275894433151,1.8628517267045412,1.85924390189946,1.8508888417330367,1.849815646192731,1.9075630124738983,1.9075005445722986,1.9026724120676641,1.9023700682561677,1.927188193521855,1.9252876121485447,1.9308744169894472,1.930289094312743,1.9397492092651942,1.936912236133304,1.9397492092651942,1.936912236133304
45,3.4585,1.844008634970847,1.8446070759874338,1.885980404294433,1.884727301285084,1.8589593533289344,1.8602877299888607,1.8693811604078883,1.8674068672767408,1.833381621739833,1.8341015625231196,1.9319388686540016,1.9322018580349125,1.9051414494285903,1.9071357324038123,1.921267500637462,1.9196452131923187,1.9496262990891573,1.9487208291411184,1.9551809320992068,1.9549451163086413,1.9099305473308104,1.9087733322190639,1.9178117845208424,1.9189233982145921,1.8097235270394472,1.807736115162671,1.922520612250208,1.9226439862636497,1.904822863607286,1.9067727945311745,1.9067206357638289,1.905345095694212,1.8552290940122464,1.854458241973036,1.8552290940122464,1.854458241973036
46,3.4598,1.8445555424582836,1.8431400230931732,1.8424166450134307,1.8454422704152895,1.8866416250985985,1.8852982560131128,1.848886430189103,1.8508722797371753,1.8796289947797349,1.8801190542414414,1.9061103242066475,1.905688354588954,1.8983024796466275,1.9008358596783965,1.9135536689471708,1.9125142055006827,1.874230534029883,1.8737192355106869,1.937244877626503,1.9397982471279007,1.8855003394188483,1.8858317307999395,1.9134015615838493,1.917104025260342,1.9004569932429427,1.9006069160069639,1.8910277980944163,1.8871254375278101,1.9271638315473625,1.928081795176389,1.9268277542460137,1.9270207798228902,1.9614489485072888,1.963868637166332,1.9614489485072888,1.963868637166332
47,3.4611,1.8502735252250273,1.850605229135138,1.8530630269404402,1.8510122106856999,1.8558718859736927,1.8563600713242059,1.851409814824749,1.8506614511655122,1.8827573800399031,1.8819652888632403,1.9501913201043777,1.9515934090334268,2.0067034029343964,2.0079827426594328,1.9164696640234673,1.915339934665112,1.9174832032442386,1.9176125113467835,1.8859023254431309,1.8900208243888779,1.9298168365239685,1.9323114862164092,1.9181222494200056,1.917180547996979,1.9000097251097914,1.9024556500511234,1.9379679417719118,1.9348542365414374,1.8630456838206946,1.861761034515501,1.92261086894873,1.9213162248188949,1.8977302757692025,1.896675507704272,1.8977302757692025,1.896675507704272
48,3.4623999999999997,1.8446286269899639,1.840557915961841,1.8427124289080774,1.841832258256421,1.850753591480295,1.8510534365566271,1.8788253472372427,1.8788881272745157,1.9076442200183215,1.9053872601536836,1.9049946503306332,1.9066284943696186,1.9189846164595854,1.9184836251750212,1.9426174164709,1.9416119980285849,1.9126325819508603,1.912808116434848,1.8880924382789313,1.8891915584199463,1.9301138708062844,1.9287264618002475,1.9237743309066107,1.9199597376632378,1.902746747847925,1.9022026537788008,1.9105202352067299,1.9068296402204785,1.908002472511213,1.909389881340601,1.9344332034780791,1.9334452760389496,1.9586916216580053,1.9596798613471234,1.9586916216580053,1.9596798613471234
49,3.4637,1.786944976190594,1.7883511252916715,1.83059524935946,1.8282520840856742,1.859200479532528,1.8592285900338166,1.8792326367119274,1.8760302276309635,1.9271023005395858,1.9254597109619085,1.8965262094881166,1.897665308940066,1.8902522616330826,1.888988851077671,1.8494339662121257,1.845700268706463,1.8287040461937585,1.8284263774725116,1.9189893054772476,1.916536821127846,1.9023500852855668,1.9015301958928157,1.9421376640896642,1.944389626823926,1.8850252739817916,1.8811101074234766,1.9075764429623538,1.9064285978088487,1.8708391575412961,1.868171159921239,1.9111505351507663,1.9099842621908103,1.9306945096779764,1.9287492636525012,1.9306945096779764,1.9287492636525012
50,3.465,1.834724679081716,1.835218174511215,1.793942922720742,1.7917131367580568,1.8901238893823737,1.8898640233419346,1.8315519417873962,1.8283020573104658,1.9042847044443294,1.904747590539857,1.9289894519197177,1.9298942972397954,1.9358905769924113,1.9393372353074356,1.9485268665355342,1.9488207776612454,1.9163690916864558,1.9156322846970666,1.899083327387829,1.8998801038558144,1.9052370246197798,1.9065360414637234,1.872190022808664,1.8714569639336245,1.8913579400431881,1.8902688149516136,1.893722972026209,1.894907048284271,1.91699845402224,1.9132041625295315,1.892973357495416,1.8926738245245285,1.912134089566189,1.9134046837850511,1.912134089566189,1.9134046837850511
51,3.4663,1.78957205487473,1.7893025066547392,1.8757737972100663,1.8770553231219054,1.8430372614704575,1.841605500756313,1.8906508050450308,1.888718989841446,1.900813370699948,1.90165887158045,1.9428232478365979,1.9422185600134452,1.8910627803429518,1.8914588259965934,1.8827642511614113,1.8840685778089472,1.9235375788116904,1.921863130697425,1.9418531240229693,1.9414739447945162,1.9133675159685293,1.912925868867807,1.9153652337626417,1.9126610046158348,1.8687380555193231,1.8696072942973911,1.8594000637148829,1.8562035891317856,1.8358631543101553,1.8319561090491923,1.8606447357605125,1.8611163669583213,1.9016532519953995,1.9010032751210155,1.9016532519953995,1.9010032751210155
52,3.4676,1.8182787947420493,1.818887230684066,1.8344563802808147,1.836585281190875,1.8838368225050377,1.8825096951637992,1.8595996482479515,1.8589977712753738,1.9167741945252947,1.9154248909650378,1.8995318459545765,1.897257395007059,1.9413974238158058,1.9403538998814243,1.930377172370562,1.933189470893396,1.8842288088503854,1.8837790412381206,1.9152887114016643,1.916917870387945,1.922309462077262,1.9261965180287188,1.8988824944642304,1.897150576050011,1.8854250651355582,1.8855965392247485,1.861730113179529,1.8602761762323288,1.955980208604246,1.956658921179855,1.9122868233382113,1.9130479927615534,1.8773701634687237,1.8784071281024453,1.8773701634687237,1.8784071281024453
53,3.4688999999999997,1.864414662787654,1.863259009456828,1.826536093780083,1.8282605158956706,1.8654422564657789,1.868471630013675,1.8458348801896864,1.847257271010238,1.8810473257309015,1.8811731981999573,1.9563990536234885,1.9577583521340298,1.9069392716000415,1.9066925242482844,1.9185532761707573,1.920461353745051,1.9061240671409432,1.9046570120229,1.9232171182722217,1.9240829215169124,1.8643681233308118,1.8616710780717558,1.9029753814742998,1.9038355622661443,1.912396768596918,1.9084953449282192,1.8784180576251601,1.8749601552528001,1.8773158141273376,1.8764512604713568,1.8857552069861145,1.8866450602627833,1.9454078508283816,1.9461643356080698,1.9454078508283816,1.9461643356080698
54,3.4701999999999997,1.8159078309625503,1.8144919995064817,1.7972015539315875,1.7957713549256036,1.8497388040426095,1.8494389586601128,1.8701763748654376,1.8655119079415303,1.9014405476154652,1.9000162826903668,1.8579882929407068,1.8565374796611553,1.8693571103649473,1.8682180107287931,1.91206912285172,1.914904222012619,1.9168463447549262,1.916396889236932,1.8891734433824259,1.8886868196904822,1.8190702623680712,1.8214093671896836,1.9173667007342399,1.9174054308410304,1.8550813577805376,1.8520316818744669,1.922097384513972,1.923090621749835,1.879713951711433,1.8772955126095812,1.8545185237291157,1.8531845248912586,1.8854007031071154,1.8875246066398659,1.8854007031071154,1.8875246066398659
55,3.4715,1.84678407690018,1.847126712596185,1.8285325624947537,1.827271338755961,1.879622127243181,1.8834891937855427,1.9278381730612055,1.9264154698347793,1.8816554484533088,1.880021604468347,1.9230362746176362,1.9221760936611059,1.8396209012739246,1.840534804551749,1.8936567532775317,1.8942833048895882,1.9612215643907975,1.9610444682415653,1.8995409027973482,1.8993388195323897,1.878394319630032,1.8795021851470155,1.9429110154293432,1.9431562012634918,1.9023959917588757,1.9020336786662329,1.9048925197334783,1.902990376523157,1.8990673976126464,1.9010604312475718,1.846251551601281,1.8456743503352468,1.9586497658496953,1.9611013130556139,1.9586497658496953,1.9611013130556139
56,3.4728,1.8356189035795876,1.8341496620142075,1.832476464329321,1.833228575957646,1.8825737244686012,1.8821911093072152,1.8403221045691704,1.839418820701067,1.9205322548779487,1.9181309945141454,1.910546784182009,1.9160077151856623,1.920496960701065,1.9213037318667103,1.8937267169721919,1.8916331103761737,1.8940168799068877,1.8961654583831749,1.9042509718878409,1.9028413869675211,1.9067337525974015,1.9074346407100076,1.9136845395841602,1.9109106589376763,1.878986202988343,1.8784040034823357,1.8577559128656158,1.8547608966086342,1.9219071696185137,1.920537564187892,1.9009217526515771,1.9008208671209668,1.8667056669481512,1.8652595384024593,1.8667056669481512,1.8652595384024593
57,3.4741,1.8404257979845164,1.8414230957051845,1.8063818125078484,1.803184713158493,1.840113459948905,1.8380014252427155,1.8649287727977457,1.8688514351964027,1.8529059165385653,1.851410750925033,1.8756907155368736,1.8797483083951156,1.89727551116496,1.8958837298791251,1.9492961594707703,1.9495707053191036,1.8930323878806639,1.8936042802831758,1.950998090682047,1.9551559447046978,1.9405603555138824,1.937995429945207,1.937014371844583,1.935708795744988,1.8855712393625106,1.886296177482087,1.8441285748429594,1.845624052549907,1.9108200837026361,1.9102856722446406,1.8924148948628565,1.8931051634591676,1.905626512232579,1.9050108925322629,1.905626512232579,1.9050108925322629
58,3.4754,1.8445033811667988,1.8460588280711219,1.820353663266271,1.819071512707079,1.8731173560214127,1.8740849813107452,1.8977268399277778,1.8984511537412914,1.8742030471456932,1.8726154294149722,1.8701901182498715,1.865718989078337,1.9513357302841332,1.9522555679720874,1.901247834810224,1.9036690849837032,1.9548511025827198,1.9560645386669673,1.8832040253773379,1.8817488390328427,1.9348098845407153,1.9338956689245759,1.8772508485690274,1.8753287159256176,1.8761101883925226,1.8745981566172232,1.9024568973032472,1.9029744429729138,1.893773881401643,1.8945853372767802,1.9096616168041796,1.909589778880023,1.8721934595069516,1.8748230393894856,1.8721934595069516,1.8748230393894856
59,3.4766999999999997,1.8279931540784302,1.8293174702851847,1.8368420221883417,1.8374876264377236,1.8826724237578782,1.8843612393353708,1.8540212776785496,1.8565224860283802,1.9033395671871172,1.9018762602492312,1.9145050549325116,1.915359613730659,1.899157664635461,1.8976703074262065,1.900012534914076,1.8994165926871702,1.8781447607385144,1.8774891618404568,1.8709138069071019,1.8715943929410845,1.9436153400672238,1.9462105631093283,1.893783564181802,1.8915450325095329,1.895733805902656,1.8946421818166437,1.896724858153599,1.8973707745820594,1.8811741373333666,1.8839705063302417,1.9344116525082615,1.9344859891900297,1.898497378954095,1.8968832123355308,1.898497378954095,1.8968832123355308
60,3.4779999999999998,1.8198776578997204,1.8222098913564941,1.8497160014157223,1.8545525666421805,1.8536558428170469,1.851320798517356,1.8765327809729544,1.8749685883281277,1.8978002390022202,1.8996677127400707,1.9186460402704195,1.916838223487696,1.8652473574212272,1.8634482859877763,1.9143285812495596,1.9151768932659161,1.919283211500071,1.9190611384963943,1.9100351735844006,1.9077126222672947,1.8828932477940892,1.8833392674736829,1.8764521984172025,1.8775622504568246,1.9013056179522998,1.903404534468666,1.8918139546049098,1.8913548167102272,1.8781204003148613,1.879062726130658,1.9070963811236639,1.9070217318719673,1.940875192551756,1.9428535464999623,1.940875192551756,1.9428535464999623
61,3.4793,1.8836091276189186,1.8842110042081226,1.7715195086219884,1.7711134681041867,1.8631428192720956,1.8631100237832539,1.8547715169652443,1.8507742058174477,1.9034004731881369,1.9041288470127926,1.894755249760866,1.8937067283923634,1.9114575637702882,1.9131847973323328,1.9042981345151615,1.9044355635635797,1.9072506730915333,1.9087939389633852,1.8951334910701976,1.8921162986703892,1.9213471470722812,1.9222316904909507,1.9036943854006525,1.9059057440715979,1.9467546571774883,1.9455227929097336,1.8458464370572092,1.8437056676726584,1.9219774458133878,1.9220686487683851,1.9085609383442352,1.911580629446113,1.9094757752929645,1.910955323910413,1.9094757752929645,1.910955323910413
62,3.4806,1.8685122344720018,1.8702010502503472,1.8845324011401472,1.8857858167270778,1.87987699237374,1.880363303971893,1.8876404835486869,1.8920785051176219,1.8713657623361935,1.8740649938472114,1.8979801497346502,1.895726625145348,1.9182296941059227,1.9180775848835216,1.8742283463156697,1.8722078268476703,1.9220764590358177,1.9224368980487847,1.861464624806648,1.8572558599262485,1.8851411505580973,1.88765672699327,1.899024295476982,1.8958400017959969,1.8908472676895423,1.8915575259269182,1.9024675168243044,1.8967870116260632,1.9072875284468978,1.9062396319139459,1.8864254868865364,1.8856140306587954,1.9211063339481116,1.920895505183837,1.9211063339481116,1.920895505183837
63,3.4819,1.864334702989743,1.8623972656535712,1.8514029434439034,1.8520557313370554,1.868494118040264,1.8687136923129952,1.8668455942577962,1.8677242031750014,1.8613737320439745,1.8604679495551963,1.8833111562442537,1.8834629528542493,1.9149713761390503,1.9159052691778444,1.9105636502851822,1.9093189802759754,1.9066306810564475,1.9058142275587326,1.9241656918345802,1.9226936392641687,1.9171564987576928,1.91999909397381,1.9286418184846643,1.9301148079671842,1.8947702406532458,1.8952796651187445,1.8737164233078976,1.8748670794280997,1.8564756411597625,1.8571893354343174,1.9293711296430534,1.932296182173418,1.8983552655379667,1.900423885183282,1.8983552655379667,1.900423885183282
64,3.4831999999999996,1.798233521287891,1.7980139473478294,1.905753321145396,1.9031515392213822,1.8573867277819323,1.8575157236102768,1.8430522535708733,1.8416601597837707,1.8669955169551562,1.8631821732898888,1.8854007041876375,1.8887739626925013,1.924019519225021,1.9196727006719312,1.9372102098693627,1.9382178148181484,1.932522002444503,1.9344132136143566,1.9355748022528987,1.9361579389750128,1.9377842868598958,1.9381912644539017,1.9121715713176017,1.91035688340685,1.9235419519165362,1.9221726587270462,1.8536911367681352,1.8548439788450632,1.8672013510072574,1.867718583939549,1.8129181343037233,1.8117677905512877,1.8314476227429968,1.8295523512066776,1.8314476227429968,1.8295523512066776
65,3.4844999999999997,1.843086611931114,1.8406166370254615,1.8614802413016378,1.8623432332554366,1.882246706180787,1.8819481102700317,1.8821323899091638,1.882505322447003,1.892073821157804,1.8926785092917686,1.9302188170483048,1.9287402055500242,1.925213276892273,1.9259350915627143,1.9206834303735154,1.9211797366264143,1.886905238956966,1.8847847711070977,1.9006184722094788,1.8995708880646927,1.8677826122804235,1.8700842366208639,1.9339084749967876,1.9337801038291613,1.880562263241381,1.8825218765975122,1.8943788837357725,1.8946306285504833,1.89172025346624,1.8917942777802923,1.8917258747125938,1.893016458481245,1.9077432308003648,1.9074415115297734,1.9077432308003648,1.9074415115297734
66,3.4858,1.8512205364409202,1.8522022171100883,1.8613512472350449,1.8600141251350066,1.9129008814847699,1.9118473628226682,1.8723296384462083,1.873335994134793,1.8612759695814665,1.8575963069474986,1.8859451107218237,1.8839995528117615,1.9263608109372334,1.9289413538837041,1.9246582504351935,1.9238689703299536,1.8932763243494803,1.893043632154029,1.9118273776039414,1.9129021351123023,1.8817966264332249,1.8844343273462443,1.9056621179078792,1.907001738808071,1.814433287011591,1.8145332350645456,1.8926263472118183,1.8947355711198188,1.9314485007642312,1.9285871657037674,1.8635904081809693,1.864769799522286,1.9449496507618889,1.9451864035426034,1.9449496507618889,1.9451864035426034
67,3.4871,1.8456990117271834,1.8437137867585638,1.8604648265477828,1.8570600219373037,1.878508011010559,1.8764112810460944,1.872634483040367,1.8737064296378902,1.9128418503471756,1.9114100893918224,1.8531767157658088,1.8468755938825057,1.8961632712054888,1.8974532304245622,1.8879821837789792,1.887341264795873,1.966558811106339,1.9651001888240736,1.8904846406785718,1.888644965457997,1.9124557984571047,1.9137304530273391,1.8842965857456093,1.8830987667929864,1.8727350557017113,1.8715715938830884,1.7923909289914168,1.7929556371631707,1.9077585379207316,1.9080690025296378,1.8447951042817134,1.8450918261383626,1.8765852545696973,1.8753780655483534,1.8765852545696973,1.8753780655483534
68,3.4884,1.836355711121344,1.835870648892369,1.8651586526771207,1.8659938464778631,1.8300545892258377,1.8323227933386077,1.8474946471729858,1.8473953234565101,1.8356935599226762,1.834509171272457,1.908591855451647,1.9102441276328976,1.87127706005876,1.8709528521090106,1.8456915167513266,1.8444174869595453,1.9037768427687476,1.9021889122156876,1.9029194713029753,1.9045255170903628,1.9392728938348933,1.9412318825405206,1.8331351887846377,1.8340209816331536,1.8765605818247275,1.8754677084549085,1.8893864581610065,1.8872119556951594,1.8963225658924203,1.8957141296321374,1.8899236800924557,1.8925601316648886,1.9228132645985858,1.9240938534906176,1.9228132645985858,1.9240938534906176
69,3.4897,1.8280034610495668,1.8276895605658725,1.7968489220607913,1.7930977340102978,1.8370500401735557,1.8349170788012843,1.8743104903119312,1.8770737512740725,1.83155381743325,1.8358925149586571,1.9076857614096618,1.9088954495560742,1.9394393696448764,1.9390117779118372,1.8639474039946973,1.864143865021747,1.9160417599196768,1.916552434016221,1.9022395102196183,1.9030965677519616,1.9228691740741857,1.9199403734133706,1.8700573742150628,1.8692868346014166,1.9125026498429156,1.9106795284268046,1.9305055448513453,1.9313504211606947,1.8712024076597231,1.8705914731582178,1.8712623782145665,1.8751947230386945,1.9265029225352022,1.9258813682661344,1.9265029225352022,1.9258813682661344
70,3.4909999999999997,1.7779577492322236,1.7778893466697026,1.8635822793759738,1.8624125706769126,1.8781610030363687,1.876955375376946,1.8895604311337397,1.8870476659839999,1.9007249795521737,1.9000059755936365,1.9114463199793248,1.9094342336121295,1.9073184508794392,1.9088336062701503,1.900340491213643,1.9036931352211404,1.9452826135853252,1.9473393644507933,1.9177805497443077,1.9146215555737627,1.942792639711134,1.9427882669541103,1.9377611743728593,1.9360061427074886,1.8684859978771329,1.8687405539059982,1.8778524150988447,1.8785273793101869,1.9073275083679866,1.905724585795217,1.8377168862645832,1.837513553212706,1.794608831053848,1.7967421044369907,1.794608831053848,1.7967421044369907
71,3.4922999999999997,1.870700791303927,1.8705920974616561,1.8418150813578633,1.843280262371305,1.8789374789102489,1.8777546520464345,1.9064345323835912,1.9083373000174126,1.9012924987769215,1.9025359192108926,1.9216863458501459,1.9199116370094524,1.8975094518276059,1.8971546347413473,1.8824169321971376,1.8837484324299039,1.8947249526010677,1.8964696768891347,1.9198379258597291,1.9201605720908181,1.9074349526557288,1.905233901442082,1.829704462829602,1.8304653200794618,1.883422038489162,1.8839570747304348,1.8857983096962079,1.8869449054645981,1.9085237687324361,1.9073962255692305,1.8150332918880228,1.8145132479189292,1.907826313157895,1.906291168080554,1.907826313157895,1.906291168080554
72,3.4936,1.8411691634320686,1.842072134628288,1.847223849904523,1.8472285351925466,1.880672518579401,1.8807178076035616,1.903910523717354,1.9028520077028062,1.9077035641516973,1.9070601463460657,1.8947268258888144,1.8933159916739861,1.8950625909518457,1.8954492662133673,1.9077550999015285,1.907946563666028,1.9079718633259712,1.910519298574848,1.909368955449149,1.9086124709188823,1.9162550875474933,1.9107850985932284,1.9130617360600386,1.9105264823885413,1.93513065684808,1.9319170034174715,1.888367921356043,1.8881870770853906,1.9314812906291576,1.9275583156329708,1.9020911488354764,1.9043821538363204,1.9225712028751982,1.9210622937525004,1.9225712028751982,1.9210622937525004
73,3.4949,1.8203655309336964,1.819778021738348,1.8101539281726673,1.810466579120041,1.8992501157679325,1.8992988405347693,1.8645848863257952,1.86325682190407,1.9073315699590674,1.9048544115184614,1.9099321022105695,1.9135302448662197,1.9114672474567989,1.9093636458380188,1.900650018260244,1.8999332007976593,1.906110014019398,1.9017903690164681,1.9213199733495023,1.9195555716947934,1.8385683198841551,1.8391883122470198,1.9294126701791547,1.9269027158031609,1.9081989332867086,1.9096044577689986,1.9141108837639917,1.911643095354515,1.931198311421134,1.9286861707601626,1.869862166727336,1.8681955268665282,1.8886690155762127,1.885542504482289,1.8886690155762127,1.885542504482289
74,3.4962,1.8484332257261362,1.8496554073458265,1.8974107526395412,1.895296843851625,1.8985779628372013,1.8984005544180027,1.8829475952092563,1.8821320786408977,1.9134381076000748,1.9151103695018508,1.9120794306867384,1.9110412164559456,1.899502485471592,1.9014552274303151,1.9017566340432321,1.9042500343238282,1.8630684835474836,1.8607662346464444,1.8995574570275324,1.9021989059649989,1.9690069209425118,1.9707132276577075,1.8672316456138163,1.8662109224285526,1.8757356926050839,1.8731295382489204,1.9015854721736642,1.9042512836811116,1.8714688351236135,1.8717671187311693,1.8706345761786587,1.8687511734953155,1.885806432309003,1.8868487066309456,1.885806432309003,1.8868487066309456
75,3.4974999999999996,1.8677088999846356,1.870136084397957,1.8700792378880546,1.870118905070211,1.7923893536428954,1.794222782033637,1.8663477265465125,1.8645727055309431,1.849145045792382,1.8467059926705087,1.916107350979232,1.9147427429146118,1.897174940221325,1.8981350697144188,1.9101991523913349,1.9095088837503176,1.9322452718268388,1.9313526075773657,1.9521153272382616,1.947722594525219,1.9277535276273083,1.9301757148360896,1.9241041604484477,1.924765069402655,1.896141721379504,1.89803105860515,1.8952905971697318,1.8953874221167162,1.9249737127069368,1.9263745520288702,1.907058584140621,1.9079231378332837,1.8988006605165242,1.8973026838480287,1.8988006605165242,1.8973026838480287
76,3.4987999999999997,1.8068184635954687,1.8077198730618833,1.7909853881316642,1.791647546238494,1.881616407628059,1.8810826207608227,1.8938613350206701,1.894116203622703,1.8537867146923508,1.8531386116758715,1.912715976558479,1.9160514422817472,1.9027426883810559,1.903090946085822,1.897488212619157,1.8984555256735844,1.9252035935817584,1.9291034556158553,1.905453787879817,1.906209647664301,1.9343279468706112,1.934330445509559,1.8714247943187383,1.8730199081780234,1.864246938373014,1.865067139906194,1.8845636349682835,1.8866269448195068,1.9210213763333188,1.921838766942867,1.9141780347078083,1.912511707208459,1.904641083373617,1.9007952559990433,1.904641083373617,1.9007952559990433
77,3.5000999999999998,1.8551538200425683,1.8570316006382122,1.8632021632655773,1.8660969191253944,1.8686093716830818,1.869929315241652,1.8966286577741316,1.8937079780188648,1.8849909147636421,1.8901223282993027,1.951295437046706,1.9514416115247226,1.9129171234426499,1.9155429554931267,1.8955613954825963,1.8965789949470866,1.889365530916486,1.8878213282318024,1.8832058988262181,1.8833911155509173,1.9330167474980093,1.9344294559385062,1.8936551908956598,1.893176687970231,1.8923218184212827,1.8934749731323015,1.9046310876459305,1.9046054758246733,1.9183652487979472,1.918392109856026,1.886489828817257,1.8826133923758184,1.9191342258907997,1.9193606713274571,1.9191342258907997,1.9193606713274571
78,3.5014,1.8438812019558728,1.8458023975132272,1.8269755554774332,1.8259857541183686,1.8716153204450021,1.8721103771210597,1.8437540783732034,1.8445293032578958,1.894503198080757,1.8956248065557768,1.8611741560168795,1.8607446905664338,1.8934546704228907,1.8931167197037753,1.926517292657027,1.9265791352395247,1.8464108374059462,1.8470989194059353,1.8946190687113382,1.8921728315862023,1.9326594322830817,1.9324467294495493,1.918504239192872,1.920644072093665,1.9061943450471486,1.9021445601409313,1.8836853386215204,1.8828754442860927,1.8818456671070087,1.8829863283938453,1.9104768207667384,1.908054321522407,1.8643590665442198,1.8648862946725426,1.8643590665442198,1.8648862946725426
79,3.5027,1.8308357480841033,1.8305177872222262,1.801055500022386,1.8038999686834214,1.9032386817862625,1.899643975077865,1.8737051788330286,1.8722100131545756,1.8680649664120197,1.865008731854672,1.879067098768605,1.8758019092714917,1.9201568237787687,1.9238449200214671,1.9172611317873558,1.9177090252950086,1.9060328639476727,1.904689807358084,1.9115793765897038,1.9116162323714718,1.9076345375529609,1.9078116334488362,1.9294635819900305,1.930536153304885,1.912716291334906,1.9104499610162102,1.898504876264014,1.8974460475696138,1.8824553483323743,1.8844899230334928,1.9022054680214662,1.903978614888662,1.9043971528546733,1.904526773950782,1.9043971528546733,1.904526773950782
80,3.504,1.8154411998569515,1.8162367270776034,1.8928137507738434,1.8963719140640913,1.8873690617609558,1.8873003472865724,1.9340281011594993,1.931342612500928,1.892654145712246,1.8935158883794665,1.9173738849997712,1.9182924731628415,1.919097370683257,1.9211147669110646,1.914514111712576,1.9126007243358363,1.8798042209008718,1.8815658116152323,1.9477769409874413,1.947998389058277,1.878850022383249,1.875908103566625,1.8978873817890012,1.898105081875548,1.908264218370099,1.907244119309467,1.9051967337839355,1.9052092271894676,1.873207629926732,1.8699077705704135,1.902933839005691,1.9048088085396522,1.896022407139626,1.8959789921178198,1.896022407139626,1.8959789921178198
81,3.5052999999999996,1.7803643107153702,1.7790065745594417,1.8507164212997713,1.8537042540275146,1.8647204411296054,1.864507426096854,1.8671947892067773,1.8676895336024,1.9202208525107547,1.917401058082995,1.8858189243860333,1.8872435016940985,1.9283044928920854,1.9260703337001934,1.9240710526933913,1.9245014557494255,1.9221545436778413,1.9215467323421702,1.9300601495970995,1.9276801280681797,1.8835260460020222,1.8882151878061586,1.9375359784803916,1.938080072558302,1.8715828393399712,1.876385360113742,1.8907279531589154,1.8921353515578585,1.8656552716159966,1.868700262189764,1.9253672581278551,1.9253091632096953,1.8939241150739659,1.894015005633841,1.8939241150739659,1.894015005633841
82,3.5065999999999997,1.8354833493825522,1.8352956340485567,1.85597839266834,1.854275521791955,1.8882620379776127,1.8864448510127363,1.8617669663542638,1.861042028161563,1.9249312342434965,1.9248987509099642,1.8997036316978104,1.897245525659214,1.8930236427828233,1.8902428908101563,1.9163875191076754,1.9157912643251704,1.9186563481239478,1.9163837713513663,1.9053197946838922,1.9046635708364061,1.8891878102053965,1.8893221156719067,1.8991136240875577,1.8946209431594967,1.9292108993020354,1.9311349062049403,1.862669000778755,1.8632330846933018,1.8895454393274271,1.8882183119217832,1.8700383216137046,1.8703244238035432,1.8372155896144202,1.8378711883416303,1.8372155896144202,1.8378711883416303
83,3.5079,1.868158354422425,1.8671366942081977,1.8794840692002708,1.8825896535515971,1.8672847425192158,1.868150233208136,1.8986204408647693,1.8988003479401236,1.9260038046793742,1.927343425762641,1.9682276356544999,1.969740917099065,1.886325226462802,1.8842997095206464,1.8967326651977559,1.8949407779588292,1.9139956286796191,1.9152437342502762,1.8761086247131207,1.8795256107229918,1.874901748060247,1.8768179464832357,1.8591929831480147,1.8593088607672743,1.9849814900503233,1.9856445851933326,1.8684513277152315,1.8695548204742667,1.88473323588566,1.8856652546652535,1.9983680165629611,1.99616758982078,1.9181072561121,1.9185217296381796,1.9181072561121,1.9185217296381796
84,3.5092,1.8642903515138582,1.865133666075509,1.855859703778353,1.8549889033253948,1.8592104734818509,1.8591629979360527,1.88511522470573,1.8865013841508445,1.8678010428235976,1.8663633476028791,1.90190718162043,1.9026677264927476,1.9717155249856764,1.970260026044994,1.9149392058118329,1.9129377388288002,1.8894751626340618,1.8922740301434955,1.9248512773565722,1.9224946813857318,1.9230878098073072,1.9241863054672277,1.893895380889192,1.8929708583041474,1.9027273834599823,1.9023900573855343,1.9015520530131007,1.9023044770819264,1.8748442788381408,1.8773229992972844,1.9459881768707201,1.945716754638933,1.8686402937397757,1.8685990651703965,1.8686402937397757,1.8685990651703965
85,3.5105,1.807438144148668,1.8072335622764686,1.8429835398283076,1.8475383757158976,1.876058339010283,1.8781132154682258,1.8824809600486971,1.8794256623147663,1.8856830576552663,1.8866447489070306,1.903348937927824,1.905426927591838,1.8289164343926427,1.829314979011871,1.967801293800124,1.9664938434741899,1.8949104809487736,1.8906589258577566,1.9597529486128713,1.9609773164089073,1.9128390381388867,1.9119626155185532,1.928084293446556,1.9245411224865134,1.891667782787312,1.8917377468897627,1.924750704169218,1.9246766796249801,1.891902346278865,1.89256294256692,1.8753530778950767,1.8739481782655238,1.8381472923637707,1.8352878314614722,1.8381472923637707,1.8352878314614722
86,3.5118,1.8782937471877186,1.87644282776851,1.8617263624760794,1.861294710411338,1.9153580522036748,1.9140128090046378,1.9045505044675033,1.904999647644113,1.8827236505972982,1.8806147392162806,1.9232492892372124,1.920709974879409,1.863741571750068,1.860685024690003,1.9421854537138319,1.9420808201895035,1.8667531447716053,1.866594164127629,1.902546539495207,1.9056224515325468,1.8866025822274841,1.8869167950055457,1.8685415935901881,1.8683004682072732,1.910741685058462,1.9108216435631715,1.9226770853188972,1.9203357937554846,1.9109906182519194,1.9074536939011806,1.8906267568490138,1.8907064032550214,1.9283232338778082,1.931257969155162,1.9283232338778082,1.931257969155162
87,3.5130999999999997,1.8930576871210931,1.894480390244733,1.8798466947350625,1.8806078643768585,1.8781809948292152,1.8782828173119348,1.8596455618859518,1.8597636258540344,1.9235878653399636,1.9227970234797553,1.9168160488159447,1.9152134387665594,1.917660300132787,1.9160555035345466,1.9155045392255599,1.9173520229799341,1.889839661758676,1.8913838644885552,1.8844324522038618,1.8852201706637273,1.8933843965377037,1.8911211902407574,1.8675539788671245,1.8664639165880834,1.8693183834990323,1.8671513776726072,1.8496563446753935,1.8472219764565252,1.8701670060872702,1.8704827802003468,1.911926384307231,1.9130910956572726,1.8791073894240489,1.8794887550823483,1.8791073894240489,1.8794887550823483
88,3.5143999999999997,1.83414654318284,1.8308485582538705,1.874047502878518,1.8742014860527738,1.8537254957709906,1.8541543365753872,1.8656721399761034,1.8633911299010406,1.8991517285530808,1.9018659524255441,1.9409910686994718,1.9387912668100307,1.9298608768045482,1.9327100309922203,1.8946996539860899,1.895493306489298,1.9150881898325514,1.91314106996985,1.9138035404550473,1.9105292930030147,1.8794134828123292,1.8806590899457338,1.739729989058652,1.7372956212725068,1.8913479462659666,1.8910362318245755,1.8483276565585958,1.8509622339373182,1.8972327198240304,1.8979045604298757,1.8564831336442484,1.8577793393789508,1.9082782683070396,1.9127881279023635,1.9082782683070396,1.9127881279023635
89,3.5157,1.8175148138501644,1.8172180920675431,1.851406378716064,1.8509881573534985,1.8299002943891014,1.8295863938371193,1.9044489948630756,1.9063773743572723,1.8910356077859847,1.8919338939447656,1.8631309513496386,1.8649809336452796,1.9415014316546673,1.937976376131913,1.9226814575266185,1.9220199239980946,1.9188980981541957,1.9177009037679058,1.9344004082718753,1.938383039937631,1.8802546097503618,1.8814364995080308,1.874613146731835,1.8731173565775898,1.9237524668815744,1.9223438189422664,1.8501910686039247,1.8484241683705367,1.9006409604857313,1.896209497953585,1.90234789311923,1.9023185331017305,1.9004629272333948,1.9012912495686147,1.9004629272333948,1.9012912495686147
90,3.517,1.8547090476194412,1.8564428398784485,1.8580092186476365,1.8557956739636234,1.8862946169193056,1.8863377193839692,1.8880836921368678,1.8874971199924904,1.909347404058979,1.9065704001820258,1.9294695176311225,1.9302853464257612,1.9336423625997627,1.9336432996969157,1.8795284272396453,1.881998089710481,1.9228744826853252,1.9186213656364153,1.9618702924467835,1.9625796141731535,1.8850121544820149,1.8911767847055434,1.901636071166248,1.9009617317819432,1.8914113506397752,1.890677666677199,1.8980679172657742,1.8972014894345202,1.8718133427572476,1.8726098065673327,1.9007212308343326,1.8991639097329982,1.9320962846052776,1.9294795104086124,1.9320962846052776,1.9294795104086124
91,3.5183,1.863199039618318,1.8605226090755869,1.8597970472358312,1.8599141746411152,1.941008560662903,1.939088926415526,1.8853094998421298,1.8872250733772749,1.9088295464381986,1.9112201872020231,1.8905486710399815,1.8893705289090297,1.9361723080936621,1.9358983868018873,1.9135008840112409,1.9126388288873646,1.9068677484202936,1.9085734303606838,1.9445117515404498,1.9464641812305303,1.9449643310421374,1.9454281541462037,1.8712636264620501,1.8682882876166502,1.8157335514914277,1.816157395315752,1.8350054723415452,1.8331870361191671,1.9170496776498003,1.918425217523025,1.922320395004287,1.9219302840418004,1.882457538362955,1.8795256139104426,1.882457538362955,1.8795256139104426
92,3.5195999999999996,1.8525467321835327,1.8522512594155187,1.830524034253972,1.8300761406200239,1.8206141546344266,1.8208121773850858,1.9158531079113146,1.9145200459504905,1.8878585027041441,1.8907651270901122,1.8433139931461473,1.843025392216945,1.9289076262399616,1.9315400176619082,1.8146581744422263,1.8184106120746764,1.916839475924242,1.919357551216955,1.9032314997179565,1.9022669973082338,1.908177069565897,1.909300864365085,1.8600631584198954,1.8618191267997803,1.8176725466642278,1.8175582306305087,1.8837568632160104,1.8833273975230622,1.8923380589703243,1.8921369128372707,1.8357122941477244,1.8351325937105627,1.90953980544145,1.910872867113691,1.90953980544145,1.910872867113691
93,3.5208999999999997,1.8544310664329413,1.8546169083196218,1.8576600238566683,1.859018697399374,1.8863314720528943,1.8853157464478532,1.830150790539349,1.8305499596323112,1.9202377196025033,1.9187887801944132,1.9389355686662297,1.9355744911032806,1.8853866510530761,1.885041516771296,1.9159749220185065,1.9153805411454454,1.8544132630742043,1.8566845901328912,1.9082948225236487,1.9094570351029165,1.8993535004390105,1.8977727539862181,1.8949657647888078,1.8984495915039756,1.913747322530064,1.914181785477532,1.8606550410691414,1.8625759245596578,1.9460543935563777,1.9452054567727626,1.8642475640305483,1.8647279409807347,1.9016185808328145,1.8989312181428248,1.9016185808328145,1.8989312181428248
94,3.5221999999999998,1.8467747068453577,1.849384921674789,1.8371006389059343,1.8382569168511775,1.8586529546394126,1.8580798127534226,1.887954696489587,1.8875964440767534,1.8769335135818765,1.877248038620689,1.9613967922088063,1.9578061457687446,1.903044095936285,1.9040185926635718,1.9112854679512896,1.9090875403408227,1.899390043411094,1.8993784867799623,1.8964802962371279,1.8959062175224464,1.8648906673737815,1.8661721932260944,1.9192451062345373,1.9193681677564833,1.9254890708957477,1.9269901712090645,1.849462069396819,1.8490703965685102,1.8613300042156962,1.8619940363843954,1.8651317948090944,1.8668730832287654,1.9218575093035744,1.9199506813775025,1.9218575093035744,1.9199506813775025
95,3.5235,1.8516321989473445,1.8504756085566778,1.8266672763808807,1.8283801416167815,1.8288736382151862,1.8282664517576876,1.8317134246333966,1.8296654193598119,1.9158740343626577,1.9149182777591012,1.8998304417026481,1.9039964162760274,1.875625124364633,1.8790599135635158,1.919631472410479,1.9198738473585755,1.9239495533742061,1.9243705859864944,1.9125838571420366,1.912554497286607,1.8984855103151423,1.8997992071732623,1.9023444556197286,1.9021536165595303,1.9567885406961523,1.95631253624293,1.912725971305214,1.9111836425331394,1.9197760838222195,1.9217406944841715,1.9145968813573824,1.9133684526813806,1.9288854422593815,1.9316711918828855,1.9288854422593815,1.9316711918828855
96,3.5248,1.8386470278435427,1.8393547874870064,1.8610476505199496,1.8590393122419864,1.8881470989348978,1.8895991620087838,1.9101613581993757,1.9068283911340793,1.8767951488057815,1.872917463052539,1.9062324484783544,1.904814430532419,1.8686315503234592,1.8667100423442697,1.91015167583999,1.9123152465094277,1.9126481999106426,1.9171424425278534,1.9030578406738488,1.9031727811711572,1.8560271215111175,1.855528004372686,1.8912458104475465,1.890516186940827,1.872968682997472,1.8704456105595015,1.8772377300446954,1.877718731770039,1.942400965766938,1.941179721030406,1.8960861235441422,1.8959430724098543,1.8938847607666285,1.8921350389878697,1.8938847607666285,1.8921350389878697
97,3.5260999999999996,1.8502778994392428,1.8507204838295497,1.853849180196943,1.8539066505716637,1.778370344104714,1.781569941866217,1.8863358453399806,1.8841753977825124,1.8510287644996783,1.85343127409888,1.9634850849460077,1.9640869614766752,1.9034666896035983,1.901716655228179,1.8902719384024866,1.888331065301746,1.8808877212835018,1.8818078712162678,1.909933975348128,1.909877129602803,1.8882089411831198,1.8876960811333505,1.9107173212671287,1.9111283591942234,1.9108197694470075,1.9136820421862462,1.8545856741925435,1.8540690657168124,1.8847060628350907,1.885117100905815,1.8633336578526716,1.8621711331674209,1.918157230229906,1.9176890342913597,1.918157230229906,1.9176890342913597
98,3.5273999999999996,1.8455568983909683,1.8445049413878,1.8554873959155762,1.853397537528398,1.8976971678293815,1.8963925288253003,1.9194056484466109,1.9183511927277315,1.9345618878518893,1.931190815172787,1.8760186728851076,1.8724767513259688,1.8982028439620278,1.8994453275573624,1.862774261658222,1.8633467789561824,1.9118770358454584,1.913311607680443,1.8977140340406986,1.8958506209429307,1.8930779908723403,1.89019510408934,1.885139275130939,1.8862115340730803,1.9164059468470973,1.9175675346942354,1.8415470942109087,1.8423304398607532,1.8855321992259024,1.8853076275061433,1.8895023350552658,1.8911289954616524,1.8715697186159854,1.8715662830275077,1.8715697186159854,1.8715662830275077
99,3.5286999999999997,1.814998925416745,1.8176244447308587,1.8366543070654642,1.8376169351388316,1.8619702991767226,1.8597336414155614,1.8875180474754043,1.8882929599989347,1.9021748560882243,1.900706551502174,1.8892968167295665,1.8920453977576777,1.8833070968321357,1.8847975771733572,1.8934537350177287,1.8943963736313083,1.9323005558922604,1.9337248207435873,1.92135776553132,1.920730589187867,1.8972342816500727,1.9005104028672586,1.8953071512250574,1.894935468102284,1.9076848255387582,1.908040267071388,1.8158478632437738,1.8142621195822544,1.9289351041957514,1.9316849348786596,1.864862868569881,1.8681992711000917,1.8893633442053386,1.887896289162837,1.8893633442053386,1.887896289162837
100,3.53,1.8108167100888346,1.8135802831542898,1.8528406439983645,1.8518027424589758,1.8878594340010073,1.888036529990323,1.8908460171508894,1.8911677261739035,1.8931207803820207,1.8947380705855117,1.8450068724160043,1.8441832352056886,1.9017007290478016,1.9007977577371378,1.9293826861149423,1.930310644848188,1.886403623340937,1.8883460580003757,1.9126972368263304,1.9120297688157186,1.9231399730310181,1.9245048936447373,1.9013140500267358,1.9017522614919204,1.9002583461689841,1.9018896913639027,1.8815142731151686,1.8821467591113155,1.9272925144290753,1.927679814474143,1.9070723274158718,1.9074505697072401,1.935386149226951,1.9331360606051389,1.935386149226951,1.9331360606051389
