,Frequency,Signal Run 0,Background Run 0,Signal Run 1,Background Run 1,Signal Run 2,Background Run 2,Signal Run 3,Background Run 3,Signal Run 4,Background Run 4,Signal Run 5,Background Run 5,Signal Run 6,Background Run 6,Signal Run 7,Background Run 7,Signal Run 8,Background Run 8,Signal Run 9,Background Run 9,Signal Run 10,Background Run 10,Signal Run 11,Background Run 11,Signal Run 12,Background Run 12,Signal Run 13,Background Run 13,Signal Run 14,Background Run 14,Signal Run 15,Background Run 15,Signal Run 16,Background Run 16,Signal Run 17,Background Run 17,Signal Run 18,Background Run 18,Signal Run 19,Background Run 19,Signal Run 20,Background Run 20,Signal Run 21,Background Run 21,Signal Run 22,Background Run 22
0,3.2,0.9814314638070882,1.0065143196054094,0.9955190663530032,0.9804516050224549,0.9873233059788931,0.9830029817301401,0.9760507257174555,0.98856996369189,0.9775403528704656,0.9990788792338945,0.9804263639575367,0.9885218328715224,0.9838903576490579,0.9813922335358699,0.9771383130707234,0.9874696676361621,0.9871537059946731,0.9791273629969006,0.9853145490388422,0.9733407750200606,0.9819977603020903,0.9796254414945234,0.9707722198499993,0.9855652889606472,0.9773583834026436,0.9845884906527632,0.9794962912241837,0.9778073350586896,0.9810460080785891,0.9755110115118004,0.9749111666653167,0.9807618129745505,0.9770747191641196,0.9837599885158687,0.9791716797561046,0.9815248500723248,0.9781935998551177,0.9776328003874784,0.9767656015014349,0.9815704809835355,0.9763016881827243,0.9789665377893946,0.9773558548043059,0.9763143989341153,0.9740996585647453,0.9801088724685116
1,3.201,1.0011338030879533,0.9848997681484103,0.9974722543352733,0.9780016391705032,0.986156824932307,0.9861797186431087,0.9835332957381977,0.9843131993504048,0.9871342189003212,0.981051038164662,0.9859571798588593,0.9833010747732313,0.9708708550386158,0.9936357072127879,0.9765391882740143,0.9871649183947382,0.9758164748602185,0.986611962373013,0.9734582774398003,0.9848916762205401,0.9824921235238396,0.9791028431688974,0.9780060753250726,0.9832286127774028,0.9864230581259233,0.9715108314560781,0.9810169292940535,0.9758831581342275,0.9758000135991084,0.9854073110226538,0.9776272107992936,0.9811776575675459,0.9782248038347514,0.9823046298015637,0.9758533296662508,0.9810975433101117,0.9807005976380416,0.972369847686428,0.9816145211615882,0.9784304149809248,0.9756481866407485,0.9793683588729187,0.9777580792763633,0.9747533124687896,0.9853024284264886,0.9769982290653974
2,3.202,1.0054342315145433,0.9840150758545686,0.9916659621622431,0.9887282255080794,0.9911075695405891,0.9806093015625417,0.9860662466124719,0.983813369949974,0.9751020398131645,0.9958759396648389,0.9874726328534572,0.9794810207987362,0.980606085805664,0.9778641161323609,0.9848791195193793,0.9759162052780738,0.9785960457366273,0.9858089440088464,0.987446709696087,0.9749614243571672,0.979450129096655,0.9849464922578988,0.9822606519304394,0.9811217484027216,0.9910843614984529,0.9688295220303221,0.9743303177239139,0.9845344573175353,0.9851244913588469,0.9754793392577438,0.9723419868735109,0.9863242667588361,0.9827514570459279,0.974936937005283,0.9797598394488006,0.9805150044518658,0.9723728778636997,0.9834704524915571,0.9791288595198832,0.9788454787118238,0.9790291936295904,0.9820375807780972,0.9820231811298298,0.9823960484567144,0.9880352117852194,0.9675189871841052
3,3.2030000000000003,0.9934988802511765,0.9944138681544715,0.9933311530749783,0.9855260027284032,0.978127261833791,0.9962732938437877,0.9932609051954034,0.9744378881191212,0.9712387233972453,0.9942150608780801,0.9802215377434015,0.9932171175689036,0.9821477096443195,0.9801798066197122,0.9824721653436777,0.9832322984996951,0.980362212859007,0.98670928295733,0.9764591052654771,0.983459896486992,0.9824288763592265,0.9840065455756092,0.9884786035395781,0.9744641844052722,0.97600943657272,0.9816349780383207,0.9840670463867726,0.9744717738555726,0.9741756479948527,0.985027104013228,0.9828211082483789,0.9787552117542005,0.9817873694830707,0.9811622921799559,0.9759450952965492,0.9843033597621117,0.9768457151098231,0.9833087873974784,0.9834960958123286,0.9802787851437704,0.9809579297645948,0.9734217002644058,0.976524070646174,0.983180171544113,0.9697545638953412,0.9853252291577488
4,3.204,0.9902501157780361,0.9964959906323886,0.978130481407189,1.0027166587331715,0.9967382355261427,0.9738253972434304,0.9943184756037168,0.9778821108727114,0.9749494926823923,0.9891912905774735,0.9835176475893913,0.9849903743098899,0.9699455273651408,0.9924772862137815,0.9842350842243566,0.9742747517289845,0.9842068171925572,0.9837488057528728,0.9736235017839204,0.9896965273831129,0.9776977684771054,0.9877145056326563,0.978102617672017,0.9813063092814791,0.9836601338815711,0.97676691301209,0.9834301321219602,0.974982787220096,0.9852651681081664,0.9808175658446866,0.9823530429798935,0.9757640330049311,0.9811714743956153,0.9798810582759856,0.9776694078358971,0.9800209841985416,0.9791845180467879,0.9852110711929472,0.9898681562534472,0.9732383610024357,0.9756570894047442,0.9857535979265792,0.9765137036480066,0.9780240964075753,0.9764045727912484,0.9798186236966685
5,3.205,1.0040668896148501,0.9832661888778499,0.9971024812904595,0.9827674481438191,0.992873452651196,0.9829601300560382,0.9850011503481457,0.9839704112403651,0.9748658818907432,0.9943830036578188,0.9901236468363701,0.9732484171272903,0.9917409525324361,0.9746635807217626,0.9747198640061946,0.989441507320657,0.972690960465673,0.9899341518201856,0.979699529827274,0.9836836544333517,0.9810057477402548,0.9789611342035025,0.9827252842571194,0.9757695318886592,0.9694704342513796,0.9838679941979616,0.9873916767061599,0.9703801728476829,0.9777350604864279,0.9796925621328028,0.9774554562394853,0.9735376698810323,0.973023879281785,0.9840025188765762,0.9787849459994286,0.9768694829482641,0.9807758999541395,0.9785230214822849,0.9881594913374371,0.974185050956221,0.9736156266164853,0.9804178671498336,0.9755767563735269,0.976619832739074,0.9770270241739618,0.9788231152020406
6,3.206,0.9970966429694247,0.9860638123393299,0.979526057677433,0.9952871224243234,0.9944630875917716,0.9803019010235108,0.9850284483515402,0.9843836332981604,0.9858668201566703,0.9841198650038273,0.9867656306502857,0.9795828416083313,0.9812023948383183,0.985606456979133,0.9878667075753532,0.9726395806334858,0.9770185604618283,0.9838089646916065,0.9881503399869007,0.9751828082715575,0.980737233492894,0.9846027962055317,0.9772750517034319,0.9858422697681982,0.9787458733208864,0.978131570286,0.9757284883586405,0.9896103220424244,0.9792872455438828,0.9775966944579586,0.9817160011450434,0.9774593292846252,0.9806607105335559,0.97659209694948,0.9789893401905281,0.9798370498372116,0.9807089982477409,0.983507621625388,0.9803569643912639,0.9782079375026264,0.9777488963794196,0.9761339958692803,0.9818324698047012,0.9723783423770322,0.9784751389249312,0.977078561440486
7,3.2070000000000003,0.9913267041074488,0.9929376075785283,0.9917531065404391,0.9872360719166526,0.9879383591948612,0.9836475815350874,0.9818870051734544,0.98721526996687,0.9913835783976914,0.9800076177242516,0.9815217896746166,0.9834353167905703,0.9831100205244926,0.9838246129072652,0.9798824333423188,0.9814694117888166,0.9821815685931106,0.9830632933425258,0.9817288068241425,0.9784579613576722,0.9819055566408746,0.9771814760127335,0.9804848324330937,0.9801014733268452,0.9838114317457677,0.975544648987707,0.9724647351936472,0.9860963904052611,0.9732767783700057,0.9849056065048695,0.9762678939608342,0.9832688102654149,0.9728138636812155,0.9856272278564319,0.9874191293462844,0.9695052901436495,0.98007583295258,0.9805360576183088,0.9799294078354227,0.9726820898385508,0.9769586246295978,0.9784171090085032,0.9770652873191852,0.9750776746891239,0.9830669467366606,0.9788603131913566
8,3.208,0.9900887631991347,0.9941986972051853,0.9840786049981368,0.9870186853285972,0.991101697464912,0.9791184612939265,0.9827551434399137,0.9885669661808508,0.9876376086693386,0.9794736498115675,0.980726801642277,0.9802765064425215,0.9881390959435008,0.9760932678761728,0.9770705676818494,0.9858904016873992,0.997308182027725,0.960328300278756,0.9801215254952865,0.9808951809892736,0.9875231071396898,0.9740995960382203,0.9787609585355763,0.9825745803364178,0.9801035982830468,0.9824442753805761,0.9808586395098078,0.9892967670638207,0.9805879042023796,0.9807076870682098,0.9839353339685951,0.9775344146114173,0.9821042034104752,0.9843261914184265,0.973331312406074,0.9851563489195734,0.9812480271566419,0.9733654815874317,0.9832245518406951,0.9797918537888001,0.9767292446151223,0.9865175730695693,0.9780483022739238,0.9772123026298064,0.9744084938081385,0.9826437015028063
9,3.209,0.9963708369300711,0.9875037128694208,0.9866756464102253,0.9912948756040423,0.9901438574229143,0.9836446772683041,0.987223419426216,0.9808340267727471,0.9839247176396686,0.985373049096313,0.9864952106250195,0.9828203599803599,0.9827686039912377,0.9830827525141571,0.9763803977948282,0.98561151540255,0.9828007744235813,0.9853808881001456,0.9685218058776707,0.9889210272389313,0.9744977622060432,0.989981471245005,0.981632857249733,0.9826538828356334,0.9842479200015223,0.9794708651218894,0.9800369144034597,0.9804070625196242,0.9920235238820655,0.9669375130225674,0.9715916917025861,0.9852378365817678,0.9781253231693537,0.9774004553034229,0.979409647520815,0.982358037996655,0.9817598216238904,0.9795462344515139,0.9826458548925617,0.9782175895850783,0.977936579843146,0.9794348556285873,0.978370630924253,0.975547805427641,0.9807934535934306,0.9735530992200524
10,3.21,0.9977036069511247,0.9899533971890916,0.9864036972215087,0.9888304535146086,0.9756446599554495,0.9890328449401828,0.9733278761416688,0.9933813097550342,0.9803839511234859,0.9870032234245262,0.9886383347846016,0.9764903383565372,0.9897779854990527,0.9738055615287536,0.9880989290258051,0.9779132487756631,0.9786812836055866,0.9875399113177163,0.986854394347657,0.9746069849892159,0.9746250397059252,0.9880195342858793,0.9851720264311614,0.970881347777726,0.9866460367634536,0.9723034752337336,0.9773909273965988,0.9803198604519312,0.9821390274495325,0.9765009257995898,0.9782866155725617,0.9848638476238389,0.9733341221502733,0.9823099993392672,0.9788647172913912,0.9777027660677567,0.9824611722349846,0.9814271829607817,0.9862584238476627,0.9756521241534876,0.9789152522051627,0.9780694765880354,0.9757874883536961,0.9794382296338068,0.9773611929468885,0.9794605893676371
11,3.2110000000000003,1.0175064244029266,0.9710461135223437,0.9984692637460574,0.9827746347745079,0.9963932925869764,0.9747707740032696,0.9792776251017907,0.9903310376254078,0.9869161454145313,0.9832957967672553,0.9902012937754796,0.9768131708129888,0.9798816530134962,0.9851124974258875,0.9710904873739746,0.995535709328743,0.98979741205874,0.9721736703481972,0.9882983565668865,0.975591187241459,0.9780447423477153,0.9793542746651206,0.9778775185018567,0.9809387525000184,0.9724932834266696,0.9835843301259419,0.982008942491363,0.9759505583534092,0.9830186572015628,0.9759707994114245,0.9808236251569112,0.9770698159368385,0.9838420086891713,0.9755640135908976,0.9809316304577528,0.9806137040076235,0.9743441228773491,0.978423294019796,0.9747946357601331,0.9779850222707839,0.9767368362086302,0.9820771228891485,0.979268160223715,0.97665115941849,0.9786252502597704,0.9739845933267901
12,3.212,0.9917809027525198,0.9916079936397276,0.9928497171127466,0.981636075052473,0.9960929169794827,0.9740250420625399,0.9957295444132184,0.9729426119271928,0.9806186727013027,0.9866108668324949,0.9731581209921606,0.9898166182057515,0.9839393654085538,0.9791868600174557,0.9781379114315317,0.9872240150074857,0.9872362898167607,0.9771708869077392,0.9878386921742902,0.9749468376362195,0.9812482771303921,0.9810746826077986,0.9824650759263299,0.9803143941140937,0.9804611587884734,0.9810072772223164,0.9852662924195255,0.9766326700713649,0.9827869056262498,0.9736283105995271,0.9764284974823242,0.9789546389012032,0.9783724130465987,0.9809818849052142,0.9789754074689767,0.977957691962314,0.9782723719521785,0.9805752871485601,0.9708406210786943,0.9822212977608109,0.9756691447595136,0.9811523282095465,0.9762813540515901,0.9754019743101986,0.9765273213237095,0.979316073349295
13,3.213,0.9869960122050329,0.9971376857717072,0.9760975174951676,0.996652469014542,0.9961903051176487,0.9753019961260511,0.986130808457794,0.9836097568317106,0.9881907883674262,0.978652111976031,0.9843377166727126,0.978687622659219,0.9741326419364543,0.9898828052563576,0.9890747607259985,0.9739719411758728,0.9802754120637893,0.9813349201661804,0.9765677381551854,0.9864299629480447,0.9742971149560055,0.9856095490126449,0.9757630989154099,0.9841198009249718,0.9867994230438357,0.9760963883873425,0.9808121617796751,0.9784172642175052,0.9799073248660845,0.9806706421261905,0.9771616121283229,0.9778352256160688,0.9820729378801095,0.9784838865624875,0.9779922711102367,0.9760296432433883,0.975744637054771,0.9784246372574107,0.9847499054192688,0.9787869152366591,0.9793349693485165,0.9842746564605859,0.9732843044636844,0.985422021703493,0.9733290620943621,0.9793831304435513
14,3.214,0.9904464780870027,0.9915165421027036,0.9818425618241712,0.9960773037509191,0.9858309982783284,0.9848073782813309,0.9904790215619212,0.97946690135052,0.9792429241755324,0.9878991603210445,0.9833472996411292,0.9851546314930792,0.9825067418738225,0.9808423368605991,0.9811120712620134,0.9803974423199053,0.9834335995767044,0.9828444695513914,0.981481811075527,0.9843775712667048,0.9823710639074433,0.981353658341337,0.9842039447429229,0.9786212202948241,0.9815558358623419,0.9815612376351331,0.97871138907849,0.9822553434105185,0.9741967300605012,0.9826391422409851,0.9728563098756494,0.9837821333696238,0.9811177826532068,0.9778415661246534,0.979974227527836,0.9802253131135163,0.9789017905013161,0.9799225681220978,0.9858048847615161,0.975986414623022,0.9805712884773131,0.973319442041221,0.9793849447083243,0.9739158789759369,0.9793849447083243,0.9739158789759369
15,3.2150000000000003,0.9785909576750781,1.0061171231986692,1.0003384383287213,0.972903537762021,0.9788269872539788,0.994672070435625,0.9775134285961631,0.9952934317746412,0.973487231043772,0.9943517057977431,0.9909248813831509,0.9735738396618772,0.9893042361460801,0.9774440891755174,0.9821774129863268,0.9824326880650562,0.9821682013645116,0.9826831496063149,0.9752567697858201,0.9875915391681825,0.9888611840642799,0.9738421673320466,0.9796931873585778,0.9824031407561983,0.9699866303875009,0.9876462590081359,0.9826814916141724,0.9760760577929747,0.98229491691082,0.9757904597410177,0.9790583953058082,0.9781604621635561,0.9807123720498908,0.9804854910251143,0.9787973759772827,0.9750158940422722,0.9795730022939493,0.9770862130819218,0.9785193353131398,0.9819208609782216,0.9790657043957602,0.9772942927771688,0.9715085805581691,0.9831086749515383,0.9715085805581691,0.9831086749515383
16,3.216,0.996838435559504,0.9972038681406804,0.9867374897693452,0.9909178866904509,0.9887727012309495,0.9815075486273479,0.975902432248832,0.9878548086845423,0.9758072947008084,0.9937201035289647,0.9758598596638789,0.9907393850752585,0.9731258563405517,0.990340781065957,0.9905978352805099,0.9688007853988554,0.9677258193365044,0.9930868701776799,0.9813926405774784,0.9782678119141237,0.9839954298625176,0.9788305471289175,0.9781769202460818,0.9822042465054095,0.980020829561145,0.9736059777320072,0.9751645664616783,0.9839490136570584,0.9823689094286159,0.976493306795392,0.988748680862664,0.9667057588318312,0.9788972950366155,0.9838942025936789,0.9788172417163489,0.9730800992654158,0.9740154841036605,0.9800679917443211,0.9760609719960276,0.9824303729493946,0.9763651550115099,0.9753834831428041,0.9762840733243411,0.977710884994926,0.9762840733243411,0.977710884994926
17,3.217,0.9879479460576502,0.9929055301178566,0.9845136253364084,0.9907664949560149,0.9973621259897547,0.9730646388788377,0.9656674019504732,0.9981341589180279,0.9788227688367922,0.9856546197215135,0.983189976028334,0.976815670986025,0.9852650116105431,0.9843072671241961,0.9781589003873241,0.9849074498191097,0.9758264682523037,0.9830886536397305,0.9807160896875228,0.9871523334800825,0.9754261798654299,0.9840602700239411,0.9781132050075368,0.972797183231294,0.9801539139275219,0.9773562301810927,0.9759846362743334,0.9826151844291018,0.9858325868965905,0.9775037755075802,0.9837110443077194,0.9721165439751894,0.9878770434874233,0.9723333969431968,0.9727629847640039,0.9820429852059018,0.9741024062485348,0.9820433927308386,0.9882439452102717,0.9692826874393797,0.9793636742775298,0.983315784400821,0.9729064088708892,0.9781229820278159,0.9729064088708892,0.9781229820278159
18,3.218,0.9710481980178989,1.0111035323967597,0.9888133668685377,0.989496477129514,0.97646276227317,0.9971675408215277,0.9721913194574782,0.9968986506469703,0.9801734346708699,0.9853174546533181,0.9745361480930232,0.9904490080791909,0.9923825536014159,0.9701590726618251,0.9809708922414677,0.9817881176437482,0.9835531595465167,0.9795607248542497,0.9792674739057635,0.9810912030152454,0.9839912102683885,0.975207293423173,0.9831556818229388,0.9775805471087083,0.9797857323561264,0.9739864337021535,0.9784134536681244,0.9809204499691959,0.9725674938714274,0.9820646920709926,0.9804722467629248,0.9828196398509688,0.9797174863369728,0.9792956767309297,0.983693117274691,0.9784141699453854,0.9801353612842715,0.9794307321486864,0.973340273652991,0.9801880521559251,0.9814679742191079,0.9796593300198562,0.9775551866207217,0.9750148963359745,0.9775551866207217,0.9750148963359745
19,3.2190000000000003,0.990304274160112,0.9904877083887376,0.9833324034322195,0.991354033297682,0.9818376226595368,0.985894462455941,0.9870352061036046,0.977698486719874,0.969078701828427,0.9991640844252512,0.9868077945948965,0.9828853864567951,0.9732393272453146,0.9894749234476505,0.9876635632235826,0.9716400743575511,0.983725851969044,0.980481274422282,0.9758005129911479,0.9844460977624622,0.9755481461958181,0.9758001708082287,0.9791505680660532,0.9792996134916356,0.9777210026698034,0.9807213345073291,0.9814507325259503,0.976221449638631,0.9793989363673041,0.9842355232911206,0.9780404905643701,0.9828334458770669,0.976503113391145,0.9819045262989428,0.9702775698698619,0.9793674537049707,0.9763304860206481,0.9813372285586153,0.9719364824104628,0.979949115420016,0.980238215109069,0.9754716531101343,0.9718454345963482,0.9769747712218799,0.9718454345963482,0.9769747712218799
20,3.22,0.9857922384772262,0.9997410659612853,0.9949980253372316,0.9817258416982532,0.9727374701403958,0.998144247518228,0.9702405919466821,0.9932266091353967,0.9871504591351806,0.9790002110086272,0.978446032470306,0.9829816173172108,0.979833989957485,0.9824980913873227,0.9794024648870779,0.9782842393597743,0.9763369204750169,0.9862437477262842,0.9752910003212891,0.9809412507515637,0.9789377405839527,0.9775581204392784,0.9830048226865887,0.9700611556562293,0.9691993577854977,0.9918828804778448,0.9752378091556413,0.9813012181424808,0.984611852086345,0.9738951074316621,0.9778726746552032,0.9780922479797896,0.9794741454459126,0.9762741398095836,0.9758360881228311,0.9794215485277926,0.9759677997922066,0.9822951642949094,0.9803617142569814,0.9753118025438645,0.9806348809003752,0.9721910652342378,0.9752281243374901,0.9824984308922562,0.9752281243374901,0.9824984308922562
21,3.221,0.9883880901505289,0.9940271289072187,0.9912310967925066,0.9836093189361472,0.9945815558260845,0.9741672803175067,0.9811658544058246,0.9867035073145728,0.9717652269033875,0.9923019709415297,0.9750320110962577,0.9890126386384929,0.9912964997127499,0.9747025925408243,0.9742073204723875,0.9832272383718464,0.9858283398781427,0.9747496610077669,0.980967987304926,0.9780299690595906,0.9745351191453503,0.9857308288707433,0.974749942039219,0.9875740476448247,0.9760397937133801,0.9808064147310883,0.9826093116747716,0.9739858738159319,0.9749245691681954,0.981746514869922,0.9819850768141996,0.9764458634033512,0.9831256969748876,0.9763200856739089,0.9694591893344375,0.9803217933150221,0.9780213783586521,0.9807994830304999,0.9802301849650986,0.9708863453377664,0.9780009495027638,0.9779652829523798,0.9789204980375573,0.9766564082184382,0.9789204980375573,0.9766564082184382
22,3.222,1.0023110281175154,0.9805296895031658,0.9881090195399415,0.9861458000300191,0.988628184102747,0.9799444324854523,0.9826328631450033,0.9838600001434399,0.9765424700785598,0.9884608331848922,0.98112181230157,0.9802358715152223,0.9816716162782599,0.9824215350990022,0.9767872131182587,0.9834080799805279,0.9811118181491771,0.9822926971133372,0.9873332368876814,0.9722664975195514,0.9842027891229471,0.9763757754814038,0.9779338923739177,0.979764087263801,0.9781925994165802,0.9815648611899276,0.9798394857833566,0.9772869834271823,0.974233430979884,0.9790374393723379,0.9802798781595933,0.9760130275322153,0.981700414752228,0.9760547855778634,0.977613217363907,0.9755456162637771,0.9795167809704333,0.9753266055796462,0.9728550287876129,0.9852898419267824,0.9766801741168776,0.9711286857404577,0.9795805917248246,0.9793907512021774,0.9795805917248246,0.9793907512021774
23,3.2230000000000003,0.998894947761184,0.9868997508049684,0.9855277159320769,0.9850549349890853,0.9790962213969823,0.9877446781126727,0.9972633342568421,0.9696397206574515,0.9776609744017875,0.9885401964446976,0.9812388755730768,0.9826321134282855,0.9837411244019191,0.9790207600549722,0.986424121673185,0.9760898638109451,0.9733918108164031,0.9832692458964654,0.9691051562024515,0.9897154863280846,0.971567176744151,0.9859017088703927,0.9745665345535981,0.9838147430627944,0.9838684650282655,0.977059665028701,0.978244792246209,0.9789064134462675,0.9734549966728029,0.9788827374470315,0.9762169204003185,0.9766246418220937,0.9795658790866332,0.9793400619333558,0.9742323998785909,0.9763227403479801,0.9795346151317417,0.9778000574702608,0.9762177332935759,0.975933818690909,0.9842521979222058,0.9765892255212543,0.9799923102895054,0.9814732203843137,0.9799923102895054,0.9814732203843137
24,3.224,0.9859250404861587,0.9932874232938926,0.9823484196610225,0.9852778483894784,0.9843753833671004,0.9859012400276482,0.9916293877702059,0.9756844197689337,0.9806949741582335,0.9843607379995479,0.9819955100804977,0.9818136664635168,0.9774216014006563,0.9844875767177229,0.9730997775991486,0.9863061520083833,0.9786516101115285,0.9788281741485658,0.9843188218303363,0.974676540604579,0.9753068960804935,0.9805494896719702,0.9767001643690565,0.9817329602127395,0.9779316131439315,0.9833798467601326,0.9763420413000291,0.9763869557599355,0.9752269702033891,0.9782101527931619,0.9846157246976743,0.975176966238388,0.9823432948025344,0.9762961910424408,0.9787426566136269,0.9743209787567104,0.9764100072878665,0.9751509491376994,0.9763575959720568,0.9801363944730287,0.9729737196938529,0.9810575648219656,0.9736433337255161,0.9792432988286706,0.9736433337255161,0.9792432988286706
25,3.225,1.0034465251489966,0.9736544250306517,0.9831494699774934,0.9923576312133562,0.9748401478919332,0.9967318019789388,0.9712773598915261,0.9915811938001438,0.9872291352898647,0.9761095409998445,0.9821711676788989,0.9770806860968722,0.9782626276382944,0.9810300154461583,0.9859727329428959,0.9760496651242655,0.9833799684598176,0.9707075328647369,0.9808364941651878,0.979009235219529,0.975333354082745,0.9795412343002655,0.9846917183110847,0.9729142804526447,0.9814382098954803,0.9724466210652339,0.9777805364634885,0.9784643330056845,0.984876091150892,0.9757494153277229,0.9763595329224248,0.9788510989160571,0.9770816210605794,0.9794585609834506,0.9760851462251554,0.9791114933741439,0.9820222757696674,0.973945395574619,0.9731436291188896,0.984900889451225,0.9761872478520994,0.9836292439229095,0.9831765764684762,0.9673876844063157,0.9831765764684762,0.9673876844063157
26,3.226,0.9904751525014608,0.9917223393295792,0.9789143189343326,0.9957561254936438,0.9788354824990347,0.9893977149766259,0.9826863987710083,0.9848763102021895,0.973787413745733,0.9886790930210223,0.9779694670112825,0.9847997242879556,0.9797307603667493,0.9778088342828756,0.9829037508014504,0.9766523459747848,0.9723409552698109,0.9858956789593339,0.9896085100224246,0.9692907457713874,0.9789992096621701,0.9762672695319067,0.97426981780993,0.9801940811314597,0.9710456346300657,0.9835559072908553,0.98406498471794,0.9744796758431159,0.9816163646221711,0.974042842872901,0.9629085667892874,0.9906969358640508,0.9800135521963744,0.9736988381812098,0.971932139271845,0.9754399829819482,0.9757547884474609,0.9729799333945773,0.9764625417831647,0.9730342799130842,0.971553058172741,0.9734331962292435,0.9827639507382228,0.9725389435022015,0.9827639507382228,0.9725389435022015
27,3.227,1.0098609388421487,0.975766910981471,0.9932007181265532,0.981677117228508,0.9774129806891447,0.9908784382182088,0.9846248480799575,0.9830354641834587,0.9874124774347605,0.9798226512363079,0.9925793549264378,0.9690192323584026,0.9782168693196005,0.9815878805688868,0.9807887056873853,0.9809889453340409,0.9862743242917364,0.9699161367108329,0.9715508694740612,0.9839863386120956,0.9744516590610696,0.9809638638914892,0.9845875847208517,0.9712073012345056,0.9761710685650418,0.9793880972200554,0.9711442104412766,0.981928889420706,0.9738812090839847,0.9850726754837237,0.9760626867793362,0.9818863482559618,0.9820597239824498,0.9785503825328328,0.9712289450937968,0.974274533714073,0.9794298885373887,0.9736103511112814,0.9825981931711736,0.9717286515325315,0.9778514367196957,0.9819599968310897,0.9699527426572259,0.9807561927227118,0.9699527426572259,0.9807561927227118
28,3.228,0.9872402279751221,0.9928571817397968,0.9836213769492482,0.9890341886754964,0.9822304800195399,0.9800155503085043,0.9760060008672066,0.9909350343582973,0.9736826267993111,0.9904511290033646,0.9785013752152446,0.9819958850506111,0.969080327415802,0.9919569945220246,0.9772777066525233,0.988324496807522,0.9828821072753686,0.9755092912734624,0.9805197239976553,0.9737476548677447,0.9792769057963243,0.977300882102073,0.9783761933089318,0.9737906303787762,0.9835531917793624,0.9728438489218015,0.9715636456507871,0.9787499310011489,0.9823749984067237,0.9754220553961807,0.9741232661445898,0.9764648207241826,0.9760403256116904,0.9872080834272811,0.9834350661184118,0.9743968435625695,0.9730133855845141,0.9771890035504188,0.9809106725321821,0.9724733246316226,0.9712483402025651,0.982992267014378,0.9679230267331008,0.9789774668950171,0.9679230267331008,0.9789774668950171
29,3.229,0.9933506738237611,0.9892129083556301,0.9823302417381128,0.992967718665748,0.9672739616652014,0.9975639880982402,0.9813509748091286,0.9803060860470517,0.9850801086829906,0.9806147964026947,0.976400855623685,0.9864065045643864,0.9901640317280822,0.9753760188851139,0.9764395237913235,0.983950201588866,0.979857163836289,0.9755974330479843,0.9743672362332622,0.9826223992118197,0.979649492284928,0.9721233502051898,0.9728413181310741,0.9862703563437033,0.9731584968073547,0.9797906068735918,0.9826303636789271,0.9738885190397919,0.9746201626692915,0.9808846873034148,0.985962705887893,0.9695484836977124,0.9791806137074233,0.9750073664340715,0.9721499296870412,0.9828946617331474,0.9769377929606033,0.9765189159693393,0.975126367938472,0.9783376490555945,0.9785909560565539,0.9758945915091377,0.9768047987723574,0.981569046964219,0.9768047987723574,0.981569046964219
30,3.23,0.9799030477385043,0.9988739258539746,0.9952557324951822,0.9746926280937772,0.9771181041110416,0.9920433567201286,0.9791639064653178,0.99160246395292,0.9852592005761093,0.9771854733237646,0.9878293517439583,0.974141729994518,0.9840332519768068,0.9707597243688191,0.9790185734281586,0.9802577356050708,0.9848262422452051,0.9775240138767552,0.9692975241922366,0.98602573583686,0.976762568781269,0.9775954460608178,0.9791361053338907,0.9821095738542494,0.9823188701923369,0.975984386200191,0.9726120641598758,0.9827096966225419,0.9816028079022151,0.9722341049383153,0.9782552542945195,0.9772582158061545,0.9798905502540296,0.9730183798979498,0.9740820081697686,0.9770899616843519,0.9801710613435564,0.975636257069135,0.9777348736303282,0.9813118999559096,0.9781098024829143,0.9798565064586301,0.9780728818454172,0.9697139310788225,0.9780728818454172,0.9697139310788225
31,3.231,0.9668140497021918,1.0116305370991,0.9972025242975753,0.9748140358654956,0.9936169999236372,0.9747142762187299,0.9838817381368459,0.9833630711894918,0.9827046994041478,0.9805676986837325,0.9725552501340488,0.9810821771968685,0.9714836547691511,0.9836211552651594,0.9828770141753052,0.9768604556426933,0.9808994282686685,0.9726684715207113,0.97382842491417,0.9762869762277784,0.977167796261658,0.9771953130484451,0.9819992229314112,0.9694550962680698,0.9834129497586267,0.9750781126901351,0.9800308843212379,0.9783227215528429,0.9721805097263739,0.9822909492919071,0.9723363967190249,0.9818525534423378,0.977052481253762,0.9725560916382457,0.9698010408236418,0.9773441391744901,0.9814128161705529,0.97303025082178,0.9752924685467363,0.973272029496185,0.9720591670932363,0.9780760358156105,0.9736465836477061,0.9750168292373075,0.9736465836477061,0.9750168292373075
32,3.232,0.9954060292146983,0.9828376953747884,0.9734725531190861,0.9958054440168371,0.9819702438570285,0.9888719310309618,0.9864712845198539,0.9766903277170262,0.9739840027332765,0.9884955018768207,0.9894205480670148,0.9734046799464342,0.9836339607209822,0.9739612308261288,0.9763117135821296,0.9814082560353783,0.9767918057308475,0.9777823490040828,0.9883408954399165,0.9655647649523035,0.9779637520445267,0.9807917048939601,0.9839299311653956,0.9743622369581358,0.9693190408483746,0.9803251995301328,0.9748855249226023,0.9844853260748813,0.9722358855421822,0.9802854064363515,0.9731181101390357,0.9761239355889427,0.9715895384206721,0.9781311632340414,0.9733164121345704,0.9755283444908011,0.9710177428290353,0.9800844827975342,0.9773347379409255,0.9732580055849996,0.9696205402714022,0.9791013718447604,0.9719286412749898,0.9758300916879984,0.9719286412749898,0.9758300916879984
33,3.233,0.9885639043097115,0.990299430541529,0.9746365328626438,1.0001944206302895,0.9752470242355313,0.9889382381040621,0.9766073387312468,0.9835427612656998,0.9880699759351835,0.9742701285546207,0.9660303661598602,0.9892938943638997,0.9821788185179541,0.9772463465285036,0.9817414235208637,0.976837903604229,0.9805255636657639,0.9734116431768163,0.9736704758573435,0.9818592994638595,0.9799967460263624,0.9731003712635092,0.9746587675471208,0.9821711059009849,0.9734620556530457,0.9811990518020982,0.9726690957009383,0.9764908994628855,0.973818243530949,0.9749765714477395,0.9758203765546808,0.9734994088511525,0.9756203588633087,0.978429318780762,0.9730536752053286,0.9758774719782921,0.9773936130854287,0.9729910825771143,0.9748284949766838,0.9742038842288133,0.9768091093857296,0.9748730647059795,0.9781522774033489,0.9735199590941934,0.9781522774033489,0.9735199590941934
34,3.234,0.9948178094339474,0.985359058777338,0.9888110867067087,0.9822626525861285,0.9763067798776941,0.9885466955050417,0.9819248303989283,0.9847635263541051,0.9816871715844318,0.9786560139884442,0.9848064385696662,0.9732052527790828,0.9804647209049463,0.9769191128890358,0.9793092331336549,0.9793131066257561,0.97063881999569,0.9824981487035015,0.9887039218424499,0.9712629589875768,0.9760292067804734,0.9798940504827944,0.9727490528060876,0.9875474664005247,0.9731166417357449,0.9789423011599925,0.9792392693317555,0.9752121979493118,0.9728216090195104,0.9808961823246715,0.9823690009041366,0.9731483118979372,0.9708197529153575,0.9778846067164096,0.9772672719142537,0.9740926279208223,0.976271172383063,0.9729698749844014,0.9788131811892788,0.9803064582204357,0.9725245781795399,0.975857140654049,0.9747935412533648,0.9737664883762018,0.9747935412533648,0.9737664883762018
35,3.235,0.986276545133788,0.9859628947639505,0.9882081236067741,0.9866249857434692,0.9865964069291847,0.9765258225452239,0.9750363846025492,0.9897963837933846,0.9834113595460642,0.9755961840812968,0.9778325711557342,0.9795100968708815,0.9744970403951014,0.9785864875377475,0.9765619880991137,0.97621442116212,0.9784067689820326,0.9790895994915733,0.9738404489731083,0.9809579293328666,0.9773006925899413,0.9756332571698823,0.9699262863257403,0.9802920290870392,0.970876755878187,0.9816095573636221,0.971360344692977,0.980938564320498,0.9753153296862178,0.9778403184571042,0.9703008089943851,0.9822097396282812,0.9744229867729506,0.9745095970744445,0.9802754742999908,0.9705288435838407,0.9683085108234852,0.9832397943908973,0.97400839041599,0.9764261530602529,0.9730053570727625,0.9796607037169206,0.9758031378395088,0.978565497774864,0.9758031378395088,0.978565497774864
36,3.236,0.9907641871755357,0.9819087758965139,0.9932355760980583,0.9718752640750499,0.9830875921846854,0.9776869920065193,0.9875386000019586,0.9756676465344232,0.9777511135831725,0.9893071382498729,0.9789918694976141,0.9834993747464268,0.9744551271140759,0.9812166381257059,0.9814115349033041,0.97350219094847,0.9829983892886497,0.9737223248617116,0.9761294983747612,0.9775693960112852,0.9825479063545168,0.9734927870408057,0.9710841443085712,0.9791640899642127,0.975825032092349,0.9789899320757793,0.9685545681029013,0.9786989275777911,0.978108394709242,0.9715069550964359,0.9787900037503335,0.971944166116628,0.9703868258945954,0.978430537953002,0.9733277798932346,0.9746510847460135,0.9710018154430194,0.9791879536947555,0.9753975970684463,0.9758497701168546,0.9747730527015656,0.9786671011198963,0.9745993038201379,0.9782072474340757,0.9745993038201379,0.9782072474340757
37,3.237,0.9869745231065613,0.9876445762975571,0.988305072933016,0.980008026126705,0.9791244885804187,0.9822465354161062,0.9826881143474431,0.9799072338766218,0.9841702098435715,0.976723685542201,0.9813751795423634,0.9748146224529215,0.9729184649808656,0.980185022469238,0.9788714322124089,0.9739395848683687,0.9733756939598985,0.9769656196672242,0.9723240584315268,0.9832700591423084,0.9742305257601038,0.9776771516619236,0.9755180972766803,0.9790450588380245,0.9721849443445731,0.9803190473692055,0.9765023932466914,0.9742955521782597,0.9762277585666544,0.9786718176276923,0.971984954713136,0.9753185791322728,0.9762041142032242,0.9787982826870751,0.9711184405707607,0.9780050734748653,0.9763244247750539,0.9692870276038975,0.982120162133435,0.9702566440853229,0.9724185063823599,0.978005482389218,0.975340754773012,0.9736412721890436,0.975340754773012,0.9736412721890436
38,3.238,0.9927329332610573,0.9787814830748061,0.9915359364749067,0.9751442027577523,0.9873480132622595,0.9745049758123349,0.9767588867747043,0.9838446616313206,0.9890234107583951,0.967448620743802,0.973701710194113,0.9819757089477038,0.9769147106517274,0.9761608233786874,0.9804473209124404,0.9739264364379305,0.9853024280100743,0.9741889852985167,0.9707087802875676,0.981129994784408,0.977880075348428,0.9745491395370771,0.9743721394411207,0.9733976515472419,0.9797612760337598,0.9681815158281228,0.9789613831761359,0.9670404258446571,0.97689253445784,0.9760818656257582,0.9706345706308992,0.9837161353251368,0.9750583085000941,0.9724137616356112,0.9821834414364524,0.9720518261192156,0.9762369087155521,0.9725044301059934,0.971589037366087,0.9816758327132309,0.9794049017937545,0.9709493748582417,0.9754736228266305,0.9711929031988322,0.9754736228266305,0.9711929031988322
39,3.239,0.9905511122859425,0.9819761467423505,0.9753554676915499,0.9916074933116142,0.9788938557804031,0.9799677949956018,0.9788189898001065,0.9761337750854052,0.9790681086556545,0.9785266114073154,0.9825207643272479,0.9730637940840384,0.9738449471031819,0.9794972268360868,0.9857595024614708,0.9722126171499645,0.9730256592950007,0.9794737396001043,0.9753969754202039,0.976928483280074,0.9759396896375847,0.9736459862499356,0.9731743919234926,0.9767174373087162,0.9685175583947848,0.9817626614163554,0.968235267636684,0.9839017262811905,0.9768256002773528,0.9681161754677023,0.9800586187688466,0.9697384483883321,0.9769930731104615,0.9730528341532357,0.9760356067793807,0.9714212809147214,0.9797256700081929,0.9712755789597857,0.9704872714157756,0.9750157051216062,0.974427546555163,0.9754898005844101,0.9714556700918753,0.9746533944370745,0.9714556700918753,0.9746533944370745
40,3.24,0.979201727615211,0.988474421683123,0.9821768537488297,0.9833150983618951,0.9721970953172938,0.9865046081775841,0.9865428700269065,0.9745977701431637,0.9731680846382483,0.9835103392106909,0.9767952400725005,0.9757069692606285,0.97908937933872,0.9767624780166981,0.9797719272222565,0.976988859045541,0.9760225535103276,0.9756803267144988,0.9795027885069975,0.9675922019170532,0.9762844765400394,0.9748118769467554,0.9714338072047475,0.9741913584254623,0.9650577187814684,0.9826789327476172,0.9726864910073935,0.9766659653066279,0.9768128256265596,0.9724712937586051,0.9741231747221063,0.9739462358263239,0.9765407815550244,0.9752850961270509,0.9689770669607971,0.9767416445771553,0.9794737078418113,0.970558953602494,0.9711896542923226,0.9822850141474886,0.9756234484516816,0.9701413927727707,0.9689839990093356,0.9755242842774245,0.9689839990093356,0.9755242842774245
41,3.241,0.9866031213099106,0.9866733981805209,0.9946609228937301,0.9736774118448802,0.9807512880283182,0.9829387948747973,0.9809637694304769,0.9725491273658153,0.9763307991653201,0.9824912484476502,0.9745115964632345,0.9798368303473275,0.9727899986352005,0.9731616490581895,0.9710439502314537,0.9826529764120551,0.9785256433832336,0.9740019884455605,0.9718747639707183,0.9749991209664557,0.9772833590173883,0.9743817253556174,0.9754923932475326,0.9776618481015011,0.975783678858571,0.9728844181765891,0.9699719495470625,0.9796327811748106,0.9680871278160543,0.9794169901188307,0.972910374219286,0.9779685341192886,0.9790127926760246,0.9709449091114102,0.9744396653307027,0.9704253673012546,0.9777886860138575,0.9695349908670647,0.9795164354018862,0.9725312594285012,0.9733299660485937,0.973492382707902,0.9805486723804865,0.9695290596301804,0.9805486723804865,0.9695290596301804
42,3.242,0.9793765114915128,0.9862266307252048,0.9767059773360212,0.9880303717135528,0.9854781171329842,0.9719708382428603,0.9861530440004249,0.9707018178064866,0.9794825479142142,0.9758980261242108,0.9688352964324076,0.9842816532166624,0.9793595168433964,0.9716407601659599,0.9804110300579643,0.9739098795783598,0.9802384932685332,0.9705515215479079,0.9733002004555267,0.9803197024279081,0.9785859256925725,0.9704826486811787,0.9725143957439657,0.9761644761938696,0.9763054041962201,0.9729727798590703,0.9792865265963461,0.9663974214558446,0.9796479929168203,0.9706464406050516,0.971359409332395,0.9761635709192041,0.9758947136182556,0.971744704039403,0.9765332215471634,0.9689839058821992,0.9697929187209822,0.9690380328314175,0.9707867716686632,0.9758901849754278,0.9755589506846709,0.9708393365885292,0.9730062287624789,0.9726764032740868,0.9730062287624789,0.9726764032740868
43,3.243,0.9859840090118074,0.9776788085643904,0.9771806028276316,0.9871171642801501,0.9827689475659438,0.9804403873908077,0.9682659716478461,0.9877945250251245,0.9741805848401139,0.9828804187026757,0.9793876599142335,0.969841393945615,0.9748793389471312,0.9748384866962859,0.9763295785218983,0.9729645337209204,0.971604779066579,0.9762703282253151,0.9716300462747333,0.9780720995500969,0.9763670891322698,0.9735974506149394,0.9794671802880255,0.9660699356761825,0.9756730465703735,0.9730571423220398,0.9775083353890343,0.9736780973793197,0.9703161438544592,0.9756608047189554,0.9775593382236879,0.9694055275834249,0.9692994257409333,0.9749833791765015,0.9782544736568932,0.9710798674503032,0.9706615261861512,0.9719752408148105,0.9675792688761276,0.9713336086109994,0.9727529573002077,0.9715613949244862,0.9715825422032711,0.9779198058797516,0.9715825422032711,0.9779198058797516
44,3.244,0.9770019452040886,0.9881444983565654,0.9863042445232859,0.9803733305898646,0.9686208817139049,0.9905038205443379,0.9788511015390421,0.9768328785745318,0.979230898622459,0.9767518574673518,0.9733413983758019,0.9824780054121122,0.9774540816637632,0.9711210976570721,0.9745447977417815,0.9766702117279474,0.9757232090938247,0.9760134920240416,0.9756744202168135,0.9716319212070471,0.971046729009353,0.972990737507206,0.9748255566965112,0.9742358634628621,0.9739163162159117,0.9733264067616597,0.9704479173727739,0.9774823164343356,0.9763386983317096,0.9715496516502719,0.9725443164396934,0.974063580797555,0.9682832423366552,0.9766217681649106,0.9760172418781278,0.9724120098871432,0.9736390838934481,0.9743961891740884,0.9789583529790138,0.9734238850500008,0.969032755591681,0.969114461196205,0.9723252444369311,0.976446580098572,0.9723252444369311,0.976446580098572
45,3.245,0.9945950778766015,0.9714192849050016,0.9730960601748974,0.9903048626850145,0.9685956446366557,0.9902913396634238,0.9600229278395361,0.9944473765612918,0.9826413239088407,0.9714005421745551,0.967106769061071,0.98113536757037,0.970954620226668,0.977569550366313,0.9715370005552691,0.9785477562488295,0.979198477173758,0.9739492032078797,0.9697745849596873,0.9854334522672845,0.9762049572044099,0.9693267576390453,0.9687180155856553,0.976734863873808,0.9700614333492679,0.9799916232772008,0.9748450777372955,0.9755849385866677,0.9733944666753362,0.9682866164715821,0.9737277569908332,0.969323257796513,0.9698373944629085,0.9750614956676711,0.9713293918226962,0.9711450512541518,0.9777670703961574,0.9721694811920677,0.9670966463261762,0.9760914841999223,0.9731430010757853,0.9738523790376137,0.9808377438491281,0.971781125218679,0.9808377438491281,0.971781125218679
46,3.246,0.9867194349894247,0.9788337664982996,0.9763120279452303,0.9854812120049328,0.9804076886360262,0.9800203288590528,0.972100925853003,0.9841529371367423,0.9718224135127758,0.9784476833582768,0.9665532466729119,0.9847425656572774,0.9733469582822541,0.9739476117018813,0.9694969508999683,0.9828170121587938,0.9756215429737851,0.9750763313138967,0.972366598969846,0.9753421586372364,0.9663758388346054,0.9771625143538427,0.9734892880503823,0.9677874391595352,0.9769760487251964,0.971935636180097,0.9687553389758634,0.97614223655327,0.9723712522826748,0.9775920398013849,0.9715774180246514,0.9714317776353842,0.9651957073105303,0.9789978327172932,0.9686575167441711,0.9779983264164425,0.9710039374774105,0.9756534970341146,0.9719335745930453,0.9721943141198166,0.9706275124192687,0.9705173811015909,0.9665444370562429,0.9728006515307963,0.9665444370562429,0.9728006515307963
47,3.247,0.97247879221732,0.9963476276107264,0.9850694269190079,0.9793250386652879,0.9697967294033628,0.9861244340404497,0.9788742435099271,0.9794919781670022,0.9683078271238835,0.9784955351231515,0.9811267785213956,0.9722003122781232,0.9756770773696438,0.9690241969217699,0.9704301151706941,0.9756970664384716,0.9749553928514982,0.9738073113469811,0.9754979226318661,0.9731766390350336,0.9717993956321483,0.9753462504486943,0.9699745408641224,0.9746206927270218,0.9725374134537804,0.9729813062545453,0.9765635791479162,0.974749844994531,0.9733972766672079,0.974208161550936,0.9721678590693397,0.9699866909334787,0.9783940885161432,0.9651462648908493,0.971618459397052,0.9733126315577245,0.9770929898966564,0.9672494099552601,0.9718840064689027,0.9804661555094468,0.9657332077596268,0.9729572573722033,0.9795452645155707,0.971232631604925,0.9795452645155707,0.971232631604925
48,3.248,0.9777502719911436,0.9868868479564018,0.9763652811717729,0.9849382166057395,0.9817585097416534,0.9758177860263387,0.9802430538263756,0.9752148224010594,0.9734276350125696,0.975442825960083,0.9823150914218303,0.9700382274304223,0.9677610478228995,0.9798786834195286,0.9780728822644811,0.9728321335350142,0.9728682413240048,0.9769757693594548,0.9740181982002687,0.9718093277341131,0.9749630777844043,0.96826321996087,0.9720695654716072,0.9721854420657492,0.9715968473025536,0.9744589986015634,0.9747208941916958,0.9689832479309928,0.9697550654233242,0.9791855143446777,0.9685210545268766,0.9741524727852832,0.9743338432708566,0.9732340471474876,0.974165247180926,0.971455357108174,0.975810660694785,0.9665405328115967,0.9723800910973261,0.9707876464416919,0.9684075510408009,0.9663598458622605,0.9731400647060142,0.9722845773380039,0.9731400647060142,0.9722845773380039
49,3.249,0.9901206798112989,0.9772378531849903,0.9835723682553642,0.974720455856427,0.9770688781651261,0.9800324156566421,0.9884100445341739,0.9699571466446387,0.9759598041226225,0.9760096836047149,0.9744536589771929,0.9759925051159601,0.9734358785808392,0.9741719609445532,0.9799910288093983,0.9685486664419324,0.9703446593592313,0.9745436132343375,0.9728337595792192,0.9693700465999487,0.972964970259093,0.9710636887478373,0.9724390914797993,0.9734999404656186,0.9793617674258156,0.962781757259916,0.9773789638386735,0.9652075154698756,0.9734723605544283,0.9728743935591423,0.9780362774979172,0.9748208710899727,0.9742176886814224,0.9752731017209808,0.9688521299469447,0.9754543808045333,0.9761607596974583,0.967311847682916,0.9734662075800201,0.9730921528965919,0.9716546592290948,0.9670809339061518,0.9738549372496534,0.9692566681772711,0.9738549372496534,0.9692566681772711
50,3.25,0.9863728063487391,0.9779734349361655,0.9755534584171696,0.9879927666618235,0.9721368134861066,0.9857837061423408,0.9638781530385168,0.9893042628822337,0.9791017479948867,0.9769118664517514,0.9733419271450322,0.9812108583188341,0.9670438946179684,0.9748915842309065,0.9711117561776402,0.9760914538051638,0.9785336379688863,0.9703628400260311,0.9676221819771398,0.9758172210192994,0.9718443107638357,0.9696648598712986,0.969156502841132,0.969589336923061,0.9670258090335468,0.9742313968347298,0.9693070487803261,0.9737694558885877,0.9753622752706087,0.9722489404791035,0.971133933793327,0.9720148443111937,0.9691999159551977,0.9743139806735218,0.9697395695442863,0.9696647964641325,0.973629152488196,0.9691158347457657,0.9688790244047742,0.9738060280142289,0.9735860504840655,0.9672400711194082,0.9755663861353827,0.9727271583220616,0.9755663861353827,0.9727271583220616
51,3.251,0.980895054260242,0.9792029747711127,0.995031976920172,0.9676719095289578,0.9799065117210272,0.9732493858057726,0.9749399968358599,0.9800800150411815,0.9734749213612498,0.9758887796998753,0.9778040854780329,0.9728411316530104,0.981449107255619,0.9716137728485783,0.9748745600558617,0.9729046296872182,0.979623816203965,0.9668601479370497,0.9793938738392414,0.9685515370279935,0.968307728648902,0.9760937653153813,0.97189150328332,0.9680030150080604,0.9756798559878862,0.9690895702739343,0.9718687654839099,0.9757696535381352,0.9716237068851804,0.9742571354710965,0.9692736585887293,0.9775007426699344,0.9730672597296816,0.9723429231709837,0.9765987808971209,0.9731274462500369,0.9666715887858334,0.975465969322635,0.9732000039597614,0.9731638962888627,0.9779524757623299,0.9623647586314157,0.9743120434472435,0.9741752714241848,0.9743120434472435,0.9741752714241848
52,3.252,0.9923149351224944,0.9727821627197935,0.9744229883804201,0.9893753830838743,0.9878616800239506,0.9703984784916333,0.9674728559428087,0.9866552443789917,0.9743148560769607,0.9772982558378873,0.9729810250616711,0.9745281820309494,0.9690495286727695,0.9816503460650522,0.9722619653272127,0.9737094875805505,0.9763538147527683,0.9747683060519851,0.9729501030142034,0.9779235205198871,0.9735780875526027,0.9716713713346228,0.9745309298497954,0.9688686870722091,0.9716273931579464,0.9766309817695755,0.9746549892907705,0.9736375847938965,0.9798180286310569,0.9704110944316428,0.9729645025581065,0.9672197397999757,0.9712720802514876,0.9749954665609801,0.9697030262251556,0.9736150633148276,0.9687043339368545,0.977850280272756,0.9725328836837378,0.9709828870084353,0.9696398104326251,0.9733082590664782,0.9835997266311959,0.9735056217291597,0.9835997266311959,0.9735056217291597
53,3.253,0.9728303554314505,0.988295764309163,0.9779905824146532,0.9856084866853846,0.9906077660565594,0.9656608404032453,0.9716200834141384,0.9819333863314469,0.9665516849548843,0.9852716320746083,0.9711641355836431,0.9754654060193123,0.9777210972681396,0.9730532681710158,0.9730850621301124,0.9727445880067312,0.9841299189983204,0.9675196773668319,0.9716043408964353,0.9745129077320044,0.9700359457536484,0.9784072988194815,0.978145873668986,0.9695139085656962,0.9712382212618351,0.9735757430513234,0.9755690079016697,0.9748935828363469,0.9694193957049505,0.9752277491617278,0.9682990770783203,0.9759540557041151,0.9731459371338178,0.9779169641718795,0.9776844608581352,0.9652243177854399,0.9716247374713641,0.9726278668922718,0.968757336131708,0.9708337448754571,0.9714378662376195,0.9756556510876638,0.9713562560218163,0.9746815685114627,0.9713562560218163,0.9746815685114627
54,3.254,0.9793145123292064,0.9844198318548404,0.9763400121118104,0.9902790328677964,0.9777443062007959,0.9762939720602901,0.983944703574315,0.9736020740600799,0.9875947572402367,0.9696965335527271,0.9792383009092549,0.9750544974537068,0.9653524694609876,0.9865482434284142,0.9818601419642826,0.9748288367373925,0.9701313334214039,0.9844708315283409,0.9762064220845672,0.9706925058970235,0.9708708535274106,0.971952284117179,0.9730627308631561,0.9697882327114082,0.9719733021035756,0.9771914081450048,0.9765366557362697,0.9716312955599297,0.9664670713942344,0.9740212931653441,0.9683060438117691,0.9767877759761004,0.9760920467916901,0.968811652989675,0.9727080435378448,0.9708627615936354,0.9672809271451488,0.9741000631171777,0.9678604930923748,0.9719706784713188,0.9681154562495518,0.9710379833328141,0.9713152746528445,0.9711729456251512,0.9713152746528445,0.9711729456251512
55,3.255,0.9875642093398667,0.9813387611358135,0.9764205031951481,0.987443055256926,0.9666021256687938,0.9897884803029295,0.974193140171258,0.9835838628280903,0.9839347100875271,0.9743627368617294,0.9833401160119187,0.9717499532213516,0.9721154171378926,0.9737024252778869,0.9755003266289685,0.9701025981694104,0.9725762691112605,0.9753165486547265,0.9746441487933034,0.9745984545486852,0.9693107351597515,0.9741696806163571,0.9791212677753305,0.9707718743979602,0.9791400707337885,0.9735970774291159,0.977012625304713,0.9696012696360936,0.971373181958066,0.9777879691006363,0.9749587963781321,0.9714473306829817,0.9762512465727494,0.978044738647537,0.9729497903217889,0.9704233046064344,0.9787356258957967,0.9664222197780357,0.9739382091046418,0.9778697379222625,0.9771850355216469,0.9634528730791413,0.9783935262437903,0.9677789758579028,0.9783935262437903,0.9677789758579028
56,3.256,0.9744450699205125,0.9892656299929258,0.9844964134295937,0.9779812745498024,0.9764795935712227,0.982905124244104,0.9813581258297043,0.9795153749549188,0.9776328931193068,0.9794523759539825,0.9740799796676997,0.9839655047219364,0.9810709642122912,0.9699009238905739,0.9685619402477927,0.980552514651765,0.9777284679326811,0.9768323479386088,0.9741695569386555,0.9795620066720648,0.970960803301526,0.9794288265564784,0.9716338578635848,0.9767010069345768,0.9694824239591304,0.980898990853121,0.9721112326226805,0.9761058509534422,0.9737712034748792,0.9745093785214937,0.9744596527375604,0.973563966792473,0.9797969750745719,0.9712109247782204,0.9700576540060847,0.9739995198005934,0.9700740522183965,0.9700188304842706,0.9709746735048935,0.9743433407427196,0.9745600087386032,0.9765131054157887,0.9764311796710737,0.9734091129929058,0.9764311796710737,0.9734091129929058
57,3.257,0.9795819334272926,0.9814538261020068,0.994560969840494,0.9650193317387521,0.9754738413663124,0.9863139922936042,0.9766875504516642,0.9780956191403364,0.9837974367306588,0.9714646038101131,0.9697983530767318,0.9833931190115316,0.9714210015421597,0.9753812646911773,0.9859637042889412,0.9687126434045281,0.9808995202073238,0.9762816667613562,0.976912585338985,0.9721018626296842,0.9745148443066546,0.9763210204994394,0.9744733360828963,0.9719799247716095,0.9700256404821741,0.977041830230606,0.9778066475301246,0.9765187899024947,0.9792449843737655,0.9712328812955997,0.9756284170907098,0.9696692342867264,0.9719426640578733,0.9724258477889107,0.9764955533250177,0.971203583545273,0.9739335250442053,0.9754471344911834,0.9754295833569604,0.9693786973707643,0.9639829084077073,0.982027022066386,0.9689730358924102,0.9783794697849,0.9689730358924102,0.9783794697849
58,3.258,0.9797823289826061,0.9896970589794198,0.9724035801800434,0.9916983811417492,0.9843787879544074,0.9739096012583434,0.9863481308340882,0.9730713526294794,0.9692419905604646,0.9855258110898621,0.9657144055152279,0.980588560605326,0.978708762755722,0.9749113866582686,0.9678404131634314,0.9782909226968654,0.9711408347528655,0.9787132004677054,0.9751168108534842,0.9710376101983292,0.9834733875474853,0.9646655493008064,0.9754997627101688,0.9707808075482813,0.9716887341441969,0.971763069690927,0.9747241099753614,0.9758159403114,0.9750598406123038,0.9755425541366418,0.9705461169825942,0.975235841328622,0.978772546074299,0.9668092670646425,0.9678013374453616,0.9785791174233213,0.9713675588543039,0.9824968689523168,0.9733449597669114,0.977054979446037,0.9729656581648194,0.9756407231374046,0.9718568018045828,0.9767249014064535,0.9718568018045828,0.9767249014064535
59,3.259,0.9860423237147925,0.9873363331114935,0.982079092555078,0.9831862316492186,0.9830231881753895,0.9744605298157086,0.970225631385428,0.9848702807217891,0.985320044994359,0.9680491469811539,0.9776739996708101,0.9813562210625189,0.9716926404917509,0.9777756000353298,0.9686660107461453,0.9828329453282125,0.9716555038109189,0.9796090125803015,0.9810906709126271,0.9714735673534591,0.9717508597672256,0.9740232907441927,0.9737507457520884,0.9725826697163746,0.9691379518881919,0.9791854512738682,0.9756292915343503,0.9707843362631607,0.9740877252683718,0.9776901452656198,0.9778928509918813,0.9719455993648886,0.969667764430075,0.9723123131605768,0.9732768388225208,0.9703612124164183,0.9776462925612023,0.9695373636200104,0.9752128530071102,0.9658033274934329,0.9725659305117468,0.969275377827038,0.9781243233786497,0.9738670898509179,0.9781243233786497,0.9738670898509179
60,3.26,0.9780224113173898,0.9877769718440459,0.988052296691015,0.9749694499982101,0.9829906418274069,0.9774686680956703,0.9765509002944779,0.9859813531524556,0.9788676839606231,0.9800493760951767,0.9771296283801043,0.9738812392186492,0.9722916067399027,0.9800452852517209,0.9752272844307609,0.9759250722467394,0.9655430889110452,0.9877478636122189,0.9688386403333461,0.979845261790627,0.9723370187546647,0.9778293544776779,0.9778335066756048,0.9720160304094475,0.9738812078255064,0.9751357359992173,0.9793439328441065,0.9701030370768527,0.969423924236493,0.9782984827191531,0.9740539927344427,0.9761733462251188,0.9789225925554994,0.9739220626154587,0.9731245426296397,0.9773540077082885,0.9729296771947186,0.9747907600676674,0.9708886851617786,0.9824742891015134,0.9698912407010776,0.9791944485098056,0.9730445874025607,0.973430413578679,0.9730445874025607,0.973430413578679
61,3.261,0.9797077761004732,0.9890251021216131,0.9906541478674304,0.9740400945696128,0.971018463968665,0.9874308428200573,0.9804258341172172,0.985719834493079,0.9900150773629168,0.9685984858935451,0.9766282041994248,0.9790839741134296,0.9760822390887337,0.9771776950891493,0.9846095741684672,0.9662982252166307,0.9744770520934825,0.9821608291606679,0.97427734287729,0.9781187951345428,0.9801027540266734,0.968906228430854,0.976294472041539,0.9733241261927784,0.975611486837464,0.9726900848919837,0.9805074154421435,0.9729259304185874,0.9734200133648374,0.9752904696558286,0.979860721819796,0.9743682661561357,0.977863585138878,0.9713842388377194,0.9724301266622273,0.9764482341703246,0.9764374274938423,0.9676700659532902,0.9696277545037348,0.9813872662764282,0.9710333917206478,0.9726370512984251,0.9711431465215566,0.9700016819499521,0.9711431465215566,0.9700016819499521
62,3.262,0.9768702661846533,0.9919425992522796,0.9818623921069819,0.9845616929031897,0.9808430848818709,0.9813388248252036,0.9754836802032029,0.98436089255456,0.9720011353296406,0.9851771515915664,0.9775151754012624,0.9785412914875237,0.9851475105457572,0.967550065725771,0.9812174483600138,0.9692242804905447,0.9712669877240194,0.9807190537117811,0.9758412103927154,0.9750609026630256,0.9757475703906202,0.9754188074186994,0.9784198236699271,0.9744159275685559,0.9707640648188568,0.9735801479311502,0.9695024471496003,0.9784336918258203,0.9740670473171805,0.9759152646897461,0.972105735165294,0.9826071585439813,0.9759127029002138,0.9698197171504884,0.9772986951847146,0.9736334011803393,0.9757337026692956,0.9766918259304305,0.981169786743008,0.9702339370914939,0.975292718246009,0.9754734015458942,0.969879466181554,0.9723470465807968,0.969879466181554,0.9723470465807968
63,3.263,0.9873779340249427,0.9811078213275012,0.9758239095743904,0.993441310609039,0.9797408804208417,0.977524232773616,0.9772056176473437,0.9858155345571027,0.9797998202551905,0.9811016971987622,0.9789526715704174,0.9729926135026843,0.9857142443035722,0.968342992332008,0.9814666611110643,0.9727948114959709,0.9783181288255173,0.9749790066586506,0.9797749566721221,0.9669725255550967,0.9718005821685572,0.9747627465990266,0.9681157356152362,0.9792434227931086,0.9839937409899138,0.9683402759289289,0.9824358692063834,0.9691995443504,0.9812726394350125,0.9709186092433356,0.9787483702019432,0.970041507497944,0.9723857760586275,0.9735969232300354,0.9803127989743307,0.973853972463461,0.977393864955774,0.9704411415426468,0.9759604295284869,0.9707382976768949,0.9781140779603793,0.9694523805937617,0.9674109836475809,0.9798558824980115,0.9674109836475809,0.9798558824980115
64,3.264,0.9959953750976133,0.9767863737595751,0.9862106411286311,0.9827567990765942,0.9756495925481018,0.9839608529610822,0.9766626245270378,0.9846594554280116,0.9873372660321209,0.9742394286705901,0.9796185390801646,0.9836524203967454,0.9795721253524811,0.9771598299457881,0.980117840657611,0.9764723174902883,0.9721075149768722,0.9802130075027932,0.9799565794796199,0.9716539722069926,0.9750496558318915,0.9797749551119667,0.9774311546815306,0.9760736512436368,0.980320795026793,0.9711907165171999,0.9760695906758685,0.9783299652232587,0.9694443823831065,0.9804170565275357,0.9775491558747185,0.9755572660507236,0.9710334843872788,0.9839761556781025,0.9798940813440311,0.9789100363698011,0.9766153981054256,0.9696472451054682,0.9717875889685594,0.9763694966160826,0.9720068194369824,0.974283154359355,0.971934703012597,0.9771148222818145,0.971934703012597,0.9771148222818145
65,3.265,0.982682305993818,0.9900517156172617,0.982429439015907,0.9877741007188439,0.9744184275276483,0.9871889694228723,0.9854796179891667,0.9800262335454049,0.9898918619078962,0.9689052315588186,0.9767816247773348,0.9803888517429438,0.972649575981417,0.9810964178600395,0.9742849351667908,0.9828916945854363,0.9791405085305832,0.9726184358657789,0.9768635477499371,0.9772478143584298,0.9815877860974704,0.9808928082628808,0.9710004102524145,0.9812240085977739,0.979603265957097,0.97738436663094,0.9762554615779829,0.9813221745832625,0.9784362212360121,0.9733752251136201,0.9719071209968255,0.9762971912294639,0.9705102916738207,0.9776065647783208,0.9804161486641553,0.9729020981389275,0.9772630880258479,0.9800898513879936,0.978969379274384,0.9795587266673711,0.9785006261457003,0.9753811387280206,0.971708224925305,0.9770502004647946,0.971708224925305,0.9770502004647946
66,3.266,0.9782897083348496,0.9927947431214273,0.978824833748122,0.9922157675394623,0.9700266395803822,0.9934656099444211,0.974385976104186,0.9879634702781297,0.9852000119124381,0.9819050258561365,0.9775359452951176,0.9820298338166951,0.9773359261292066,0.9761200349671313,0.9736717886831006,0.984248699928932,0.9805077889085393,0.9747260772318895,0.9806713899283286,0.9718008954871419,0.9823573522977737,0.9737308838532728,0.974766400450803,0.9768407793226072,0.9765852272929444,0.97653141042983,0.9781398472496792,0.9764368361462992,0.9777253768758691,0.9787387803532176,0.9748803390576654,0.9756854501064794,0.9754303017096472,0.9780088844334801,0.9737111399770653,0.9755617328385273,0.9774106035532791,0.9756010859265891,0.9785454150280518,0.966809237107823,0.9753468139533914,0.9805076672303956,0.9756122671530618,0.9734231078065454,0.9756122671530618,0.9734231078065454
67,3.267,0.9821848159512049,0.9856045827470014,0.9748796234067729,0.9919682078806543,0.9773841847578159,0.9852771605234683,0.9823563195615079,0.9836089734817446,0.9946576086191397,0.9699907215189713,0.9814714414412625,0.9774323127439187,0.9762030508640605,0.9765886605247016,0.9782233953237591,0.9785525370594572,0.9773275245139644,0.9773043493607376,0.9785673102708173,0.9740945953028942,0.9789040722377788,0.9780954338569556,0.9894015569371201,0.965055875017395,0.9879499123350095,0.9661908436155913,0.975139361068394,0.9795282133399998,0.9805820655671458,0.971354692663264,0.9770394855977178,0.9734368482107219,0.9805744119063989,0.9695335853515584,0.9723722516789735,0.9758195963572982,0.9753041520628851,0.9737868213998266,0.9732870224495782,0.9727782904456275,0.975948186149113,0.9764785009767009,0.9817623806500219,0.9753536214648851,0.9817623806500219,0.9753536214648851
68,3.268,0.9824431512205916,0.9923045933753399,0.9751927101810488,0.9946204420047394,0.9830165363670595,0.9803922260665866,0.9808055109144825,0.9851983586494127,0.9789750351865332,0.9823449527088265,0.9810519102956315,0.9825463771797764,0.9888161137582482,0.9710714034592788,0.9790682959455939,0.9816395391872713,0.9768039234008286,0.9790470569129677,0.9819464097342802,0.9735491017041612,0.9798490415305521,0.9765905059651333,0.97942810712178,0.9740775754756158,0.9774332172388107,0.9740467454811153,0.9863619329657216,0.9726279921117043,0.978617034483826,0.9725986313413416,0.9714516416678656,0.9834052678316614,0.9782081852998548,0.9794708034104751,0.9735751506559666,0.9770734054286985,0.9802714135637625,0.9692368365656432,0.9737736721838411,0.9767919600246127,0.9727462435826731,0.9734614286365045,0.9712727668542841,0.9737087663862534,0.9712727668542841,0.9737087663862534
69,3.269,0.997856429422021,0.9759766099981363,0.9831221995058924,0.9856186398261485,0.9901630956775822,0.977506431806407,0.9881849785702934,0.9764902162950096,0.9805067284328736,0.9811200318608803,0.9772783604913168,0.9795318952332583,0.9828373778486926,0.9749665145369301,0.9804297082227822,0.9769003725312341,0.981684515862809,0.9758387422315622,0.9809375634994351,0.9758443035242713,0.9726101577692511,0.9819741749196348,0.9719076194682357,0.9747119303192486,0.9720636940677833,0.9802950578324495,0.9785041876243548,0.9740625823339331,0.9740455595306021,0.9826689371659464,0.9696844755367989,0.9800502196383323,0.9781560578879893,0.9743047991696895,0.9789561980981533,0.9722126792796268,0.9794302303871962,0.9780244690014801,0.9747099618861057,0.9741435384280237,0.9771744769155492,0.9748546035038449,0.9741834866672747,0.976170256006004,0.9741834866672747,0.976170256006004
70,3.27,0.9929445094507673,0.9848300226931317,0.9873276162288995,0.9856984421364133,0.9798889601975347,0.9877046688128374,0.9795987389063101,0.9803312911546407,0.9933299002966558,0.9709088345966882,0.994385407766605,0.9652739505923009,0.9799823796596132,0.9774577671056551,0.982143744690471,0.9745594473518333,0.9772169253433731,0.980562824224661,0.9824456491037701,0.9778881671561179,0.97855747181029,0.9820570393781709,0.982081870471988,0.9763094970894676,0.9804723405160434,0.9739214991305591,0.9803109885529233,0.9752954652598892,0.9739068524062418,0.9750179554380937,0.9679019432259031,0.9867679089042857,0.9782828977643944,0.9796685429997815,0.9738244275599638,0.9825611812910001,0.9754208687300817,0.9782238332141169,0.9677434330131562,0.9764795323487977,0.9731093651645218,0.9779342029341397,0.9752700106820281,0.9777061085239634,0.9752700106820281,0.9777061085239634
71,3.271,0.9995115911170477,0.9759066171752069,0.9859314433115269,0.9815660155479691,0.9822556243353673,0.9858478628427858,0.9870100936146309,0.9794311073826686,0.9828586219170534,0.9846771942933911,0.9852085106401708,0.9760082496558341,0.975742231256451,0.9832863624080155,0.9780687916999974,0.9826081859889753,0.9782307375948832,0.9787778256666186,0.9746608951824104,0.9799771304029069,0.9798935207774766,0.979320351603114,0.9692110374596751,0.9871498340370024,0.9716942944518018,0.9806003981752601,0.9699245356444837,0.9836102561900212,0.9795519803181316,0.9780001066009644,0.974457689026213,0.9822847937118986,0.9749293440178841,0.9762213543454247,0.9785333902901472,0.9804786190861144,0.981027394819261,0.9722865451653968,0.9780368987213766,0.9710832087475925,0.9742428333108819,0.9721843814683767,0.9722576250302489,0.9782983903913213,0.9722576250302489,0.9782983903913213
72,3.272,0.9778122093522302,0.9956257900947374,0.978522805494563,0.9901395150218268,0.9763957962487646,0.990379512044249,0.9878285106342879,0.9760758723803441,0.9854113092625244,0.9732965174723724,0.9739434896281347,0.9837355956887928,0.9815383129447535,0.9782540374753377,0.9873124353134579,0.9691488497242903,0.9795890569944767,0.9777253776774747,0.9734266666915431,0.9848602866237784,0.9787165440361753,0.9792010716020515,0.9814776566746869,0.9745571675377865,0.9793120140930353,0.9733880001230502,0.9769617163487577,0.9748716260102294,0.9837269728923409,0.9734979125728711,0.9768684529679645,0.9788874224520187,0.9805513931874861,0.9742658513555894,0.976028143996256,0.9805577634817324,0.9729954269937382,0.9799611700200505,0.9794885122090784,0.9744333243309135,0.9786610122155444,0.9714648209386342,0.9794849222022284,0.9790284737202186,0.9794849222022284,0.9790284737202186
73,3.273,0.991251838986962,0.9889548912619124,0.9887515565734631,0.9786941844994755,0.9858903088973373,0.976861863429646,0.972764577680122,0.9872541540610066,0.9753097718068806,0.9843219445041357,0.9754229933749597,0.9786028242188138,0.977799996067234,0.9811181586427061,0.9748024116354694,0.9854366077895418,0.9821519887854043,0.9803737054132782,0.972523859061243,0.9838657472926885,0.9846409036342049,0.9753097086043967,0.9793404977740804,0.9766782100174359,0.9793795716610697,0.97651626302779,0.9720040682291256,0.9858545142746264,0.9743569882851553,0.978138316779432,0.9723105031333537,0.9752541441566216,0.9737735166831113,0.9819709908256463,0.9800373175552386,0.9733985247232974,0.970317174801645,0.985012202704979,0.974851572320832,0.9814377407212651,0.9810299235311304,0.9759361292634323,0.9774110429570657,0.9773380484815031,0.9774110429570657,0.9773380484815031
74,3.274,0.9842380200160417,0.9854717784015679,0.990224592593256,0.9775366020717369,0.9743592084721364,0.9900557149737308,0.9854398890786183,0.9767734103518669,0.9828936634815701,0.9800151749636506,0.9643553072161134,0.9952100082904133,0.9805626996825051,0.9787408126757026,0.9785224599947459,0.9853673007213579,0.9781933817772317,0.9757922058647261,0.9707885533247903,0.9831235716491321,0.9730168839838945,0.9869103324188607,0.9740481225994204,0.9784412518654757,0.9727679499143025,0.9783980241527981,0.9734552449587758,0.9798359856886538,0.9710892992867753,0.9815165414301947,0.9880619795127277,0.9702806941153805,0.9759305073080541,0.983091495901515,0.9731285124312169,0.9819697103847836,0.9824773816848467,0.975208043775773,0.9746253810462946,0.976162104960957,0.9774002981644672,0.9814096001649372,0.9783123493606818,0.9734169532504627,0.9783123493606818,0.9734169532504627
75,3.275,0.9841589997055745,0.9934089222542536,0.9723366494371501,1.0014304597229042,0.994192292891109,0.9759416608816129,0.98633732220958,0.9803373817842407,0.9791664951288629,0.9811050377302534,0.9754651912042802,0.982450925363788,0.9762937859101813,0.9807994811725071,0.9799201312870643,0.9818166360860099,0.9686374966943746,0.9875089890127506,0.984503409546509,0.9749073575909001,0.9757649397398429,0.9777236588460122,0.978416699897621,0.977398552003948,0.9802073841794374,0.9771516490872978,0.9703503154712844,0.9881745758903204,0.9734712377629099,0.9798606309717168,0.9860540647507318,0.9715928493879211,0.980052372243695,0.9773212154683745,0.9807043428312491,0.9754867105601681,0.978353954592648,0.9748521068599947,0.9789898369716633,0.9758944626855589,0.9733801907978578,0.9802284684179645,0.9784954121836643,0.9787929718859785,0.9784954121836643,0.9787929718859785
76,3.276,0.996865889456641,0.9815110181427684,0.9902306548544643,0.9837580540670391,0.9807121212228829,0.9885774909689801,0.9801702519216746,0.9874538625154926,0.9874214717449297,0.9760100586579749,0.9861862776633042,0.9768900665047425,0.9803777666467313,0.9777845972883109,0.9872156426545704,0.9693990956678789,0.974589804758595,0.9803165470585876,0.9860847075570542,0.9734116727942752,0.9777381204900443,0.9799012031939044,0.9779674381305921,0.9757283649862373,0.9864372376440191,0.9697456337721649,0.9739195031474177,0.9822715525872098,0.9809224462641091,0.9740871623141387,0.9746956572918023,0.9792904615894755,0.9805350884205998,0.9673926178734826,0.9716841121943517,0.9844534058630637,0.9768091751421217,0.9758207230843442,0.978573776188241,0.9770800275963418,0.9789086307508471,0.9726625399184748,0.9755883125512322,0.9766683697572114,0.9755883125512322,0.9766683697572114
77,3.277,0.9776949272256165,0.9949368699124476,0.9672247695552686,1.001688102578178,0.9763713094108052,0.9927845633357206,0.9860042796787158,0.9827225030584997,0.9847223271956959,0.9830721642266482,0.9862314413877874,0.9778780158880359,0.9763278318965007,0.9843584531289155,0.9800468141740104,0.9789369296325593,0.9831781070274143,0.9841753331327789,0.9778425658173637,0.9788413219617982,0.9741486613388397,0.9813712427075445,0.9823823059360175,0.9763898915368747,0.9792457630663189,0.976628514496611,0.9809104529986568,0.9765963471879601,0.9759446248367086,0.9739383363624798,0.9843856284703685,0.9724644845303526,0.979662110120404,0.9795656287296693,0.9771194455489078,0.9808291234740137,0.9750258289666994,0.9821887826775652,0.9732852726343666,0.985253297241524,0.9776143125720343,0.9728650554161821,0.9734065195199594,0.9812055793232662,0.9734065195199594,0.9812055793232662
78,3.278,0.9855758485494236,0.988603443951529,0.9908406777223787,0.9751762504736277,0.9784858554890463,0.9872525631101791,0.9691987029798749,0.996309149212763,0.9814274685154731,0.9840226027317558,0.9732929871632594,0.9837092351765703,0.9690819805596217,0.9911241171191434,0.9851692795229999,0.9746149186115343,0.9774538331931424,0.9811375837543687,0.984922349035501,0.972493217166817,0.9819838601882549,0.9762929736594826,0.9861852774542904,0.9747618427745554,0.9763540363420125,0.9799280944191694,0.9804692812615982,0.9847285412292173,0.9845239647484414,0.9745378338227573,0.978667632042966,0.9812517121142026,0.9792782782032798,0.9753103956784482,0.9748328335228984,0.9809678609250732,0.9679145626014289,0.9854003765726981,0.9763411974687785,0.9774431203739937,0.9705907805642986,0.970960898102443,0.9683765074851748,0.9824444612286647,0.9683765074851748,0.9824444612286647
79,3.279,0.9974385554169596,0.9856939122068954,0.9807407940903289,0.9880966508540853,0.9747109937667469,0.9903316934886789,0.9824066388322792,0.9869340410414666,0.979625036413013,0.9850869190087588,0.9730322799147114,0.9898401378363704,0.9687761714875065,0.9896880953471248,0.9831865094345797,0.9808097593111265,0.9748279294679314,0.9849834420044364,0.978119763962003,0.9823977957504035,0.9852595431957161,0.9755238453018533,0.9761518607579541,0.9789158466662886,0.9775787988275886,0.9818531465710901,0.9872740192380556,0.9721677345997405,0.9831189191757643,0.9772199552159283,0.9789591352885303,0.9749455581477019,0.9739322750410725,0.9843455543744529,0.9816842690295805,0.9762912554095663,0.9852919346952178,0.97583908610126,0.9789265873202583,0.9760938289421333,0.97021866442436,0.9789867124488645,0.9738906713798857,0.9814899321002951,0.9738906713798857,0.9814899321002951
80,3.28,1.0001254867108098,0.9789443338003315,0.9824836953221213,0.9928362844671954,0.9848879911815133,0.98529955550577,0.988278366556625,0.974579218798171,0.9822865450848223,0.9839923048336754,0.9798154981775308,0.9786746288385278,0.9823164968580269,0.979291898448518,0.9812323150638491,0.9722040588831758,0.978394276895678,0.9790459962927429,0.9799676986782837,0.9774663885460428,0.9780256891823778,0.9837197913620089,0.9749712316574886,0.9853000234858464,0.9818587057774406,0.9770849950814964,0.9770333956700675,0.9821339681752863,0.9812970335506783,0.973390280366657,0.9841686165756096,0.9753342263718033,0.9777898118412887,0.9782236785280778,0.9766021552504776,0.9801939238357356,0.9842665986235188,0.9719620301109235,0.9745306192887283,0.9813018735333966,0.9757404187311031,0.9705713216337466,0.9860606239438746,0.969776894804331,0.9860606239438746,0.969776894804331
81,3.2809999999999997,0.9730943139803981,1.0033125013323136,0.9885465057137144,0.9835319844538106,0.9845615678006309,0.9798875552582457,0.980058840016878,0.9815310048553443,0.9858661633348449,0.9804254921632197,0.9796386253014392,0.9847377894265917,0.9833126622141856,0.9829342984938754,0.9818478379656581,0.9804480410794062,0.9846333127802358,0.9793448411365329,0.9829780260965485,0.9801507309748946,0.9718000523964744,0.981579070874602,0.9701009457409256,0.9830349931308537,0.9802002956866885,0.9731467521853115,0.9801181828502846,0.9758906218260396,0.974763245312252,0.9791991642007984,0.97482234234774,0.9810307345772317,0.9783488312679105,0.9791682762649822,0.9809754822513389,0.9828950685841881,0.9783986488921206,0.9778708023532283,0.9794767689556567,0.9755751302090037,0.978536764463639,0.976328485653715,0.9736410536142175,0.9785742740319738,0.9736410536142175,0.9785742740319738
82,3.282,0.9799871285229997,0.9936756560804119,0.9850650234012511,0.983936024012576,0.9769908268854488,0.9945960189235837,0.9877441172132229,0.9790480581467382,0.9841054033076864,0.9823036925301041,0.9853148616836512,0.9770769680494789,0.9800974763764952,0.9817252466277139,0.9840490246697675,0.9766427917298928,0.9814845265913925,0.9732650631929192,0.9870521650412923,0.9761358373289637,0.9745915554271227,0.9814126603805853,0.9786889640634574,0.9817075375837203,0.9747358851427507,0.9809556171475385,0.9773045372474344,0.980564851909806,0.9722825818070754,0.9825301978539585,0.9793069532512716,0.9766765850502476,0.981937603762156,0.979595490580315,0.9729732480759771,0.9820577904667467,0.9794942295997063,0.9765738579332683,0.9756099565073361,0.9793682940996742,0.9802172550099889,0.9714613559458856,0.979352869400645,0.9726370811970304,0.979352869400645,0.9726370811970304
83,3.283,0.9964437634737402,0.9743282563634451,0.9963220479548065,0.9777164142142357,0.9801914896208381,0.9937866313797745,0.9832307355022731,0.980251518728906,0.9869945734517792,0.9813955142439611,0.9866634959062658,0.9772502559471239,0.9809275389412347,0.9775122716018464,0.9783847828522405,0.9864314915416186,0.9761118167999803,0.9837013633283732,0.9787690822464953,0.9788868927421683,0.9849403068383653,0.9730840658250128,0.9785557568042265,0.9812573969961693,0.9762539630736968,0.982665098507519,0.9760335458719109,0.9789388963294346,0.9778272610024438,0.9771761374213623,0.9815777908710394,0.9788048438408777,0.9796289083035803,0.9732165907637226,0.9753908865736992,0.9795433288640867,0.9763127428801105,0.9781447201845771,0.9791818326539906,0.9726868662677051,0.9833294023011238,0.9734843248196899,0.9780195046527977,0.9758718811214486,0.9780195046527977,0.9758718811214486
84,3.284,0.9917228714782669,0.9857567227132851,0.9858567633983528,0.984586555726764,0.9819047156822717,0.9905170971203443,0.9756017773649969,0.9934982507038786,0.9842661611206064,0.9798080674959392,0.9840691085959239,0.9730038599028464,0.9766104946064083,0.9829826159864268,0.9865079209677348,0.9739969615946433,0.9784349108671536,0.9785974210630336,0.9893021086552579,0.9720022902933885,0.9760689342200031,0.9838124913137066,0.9846820972371845,0.9746917227995585,0.9771700745709835,0.9797564037410864,0.9797512828799727,0.9710027534096893,0.9820684711678436,0.9793151053382587,0.9825080846582241,0.9824127929407328,0.9742485181047994,0.9886152860180893,0.9797056807899158,0.9742383980968411,0.9768342220988109,0.9760270521169836,0.9754951425403294,0.9793379984837591,0.9783955856739618,0.9735680614439134,0.9757009418622805,0.9752598908735277,0.9757009418622805,0.9752598908735277
85,3.2849999999999997,0.9822040918611102,0.9944460970619377,0.978691280009172,0.9931905361292022,0.973937181577108,0.9937892523575409,0.9818384997662568,0.9872656199491945,0.9702842868910524,0.9913667414727643,0.9849709783195282,0.977431375615334,0.9887633620446943,0.9706998187607511,0.981683861049571,0.9765920357472209,0.9787123908974598,0.9807664370463702,0.9774673257620854,0.9801138117215938,0.9786264354971957,0.981388734257012,0.977509802675032,0.9769467544491903,0.9806712052597071,0.9721664550808989,0.9815899099269715,0.9751518548221054,0.9751569480848984,0.9800997873244869,0.9761734449042979,0.9779448860207107,0.9733303409034683,0.9799709784130551,0.9788451022439251,0.9790362844041242,0.974150443830979,0.9794593435115221,0.9743039547862652,0.976939511064826,0.9769092742128862,0.9771618290526695,0.9767820293836278,0.9753005892342089,0.9767820293836278,0.9753005892342089
86,3.286,0.9980876529101719,0.9872385097903686,0.985333601217045,0.9822973521731568,0.9719686540310142,0.9895115926356799,0.983334963126936,0.9820279305364374,0.9856768889672756,0.9817398020926126,0.9796226626451251,0.9824335930125732,0.9829391699628368,0.9795366165108493,0.9823118425367695,0.9762003644804674,0.9834448434622498,0.9773934585211078,0.97803430847819,0.9807737440995979,0.983406487285528,0.9738257391602482,0.9833820304487264,0.9783737552087863,0.9797245773866229,0.9746263802707413,0.9794519392265931,0.9785162114576973,0.9792914306264895,0.9765821036670576,0.9834434663208318,0.973127948456024,0.9757901754980903,0.9741845498064833,0.9755985268784583,0.9800643059599612,0.9764674756046577,0.9792783433141987,0.9769721161725691,0.980466813221313,0.9878150163204477,0.9735553184111917,0.9749492107500569,0.9804169330277697,0.9749492107500569,0.9804169330277697
87,3.287,0.9980311195769469,0.9798889302382526,0.9914310550165727,0.9828406303633903,0.9920546636248441,0.9796258810125892,0.9828811719815527,0.9864418636416238,0.9825005858644051,0.9841751145547951,0.9865428703582827,0.9792715988892371,0.9866099603267229,0.9729327105730666,0.9766949191122347,0.9831143919662223,0.9834585863539025,0.9797528449956587,0.9848730923247917,0.9801672819273103,0.9742281528712139,0.9837899437114503,0.9890321866493479,0.9671430622466207,0.9762554621048596,0.9822953819590392,0.9725566240777674,0.9824440557626188,0.9729716232039278,0.9847844181055513,0.9801603161445309,0.9716924850166386,0.9787562746355114,0.9778271038301517,0.9781755165919076,0.9780195671183299,0.9781918505073547,0.9803984419368013,0.9757396071069517,0.978298232953896,0.9722753350508059,0.9822471575050821,0.9817713760565233,0.9726565403511813,0.9817713760565233,0.9726565403511813
88,3.288,0.9944402580942564,0.9828934776172653,0.9936889633852679,0.9810975453950891,0.9896458058230332,0.9817462044865864,0.9793455914428773,0.9895102193447171,0.9789294962938866,0.9931904099026085,0.9908889002933642,0.9702802269337498,0.9739300614727999,0.9939134377664451,0.982584824844753,0.9766416661193814,0.9753123343645822,0.9867899923257606,0.9784614296497748,0.9784207310232923,0.9880543270085956,0.9748964886916507,0.9822483128969256,0.9751769976622034,0.9802296564919638,0.9731183293680525,0.9831199823427461,0.9849715106061437,0.9845813406711446,0.9822913851539051,0.9768746687817933,0.9806268227487499,0.9751127790620249,0.9827741004598447,0.9803368806986191,0.9787770452287483,0.9720746590644671,0.9838553147665079,0.9745838103187511,0.9876814923936674,0.9742693474841295,0.9839745001411305,0.9763968245034165,0.9751383616565205,0.9763968245034165,0.9751383616565205
89,3.2889999999999997,0.9840325984912804,0.9908785339425118,0.9866551580311967,0.9857126219806472,0.9794962940805277,0.993193067749547,0.9826502608668969,0.9828704582141138,0.9811512671392698,0.9842866202523248,0.9906378463525872,0.9721330346113652,0.9771331898972594,0.9857903308347288,0.9852515495462733,0.9761569197696907,0.980806822923055,0.9805750700786706,0.9832289856048597,0.9737692683623629,0.9767519846274452,0.9812195110380173,0.9770791254225228,0.9828028351540125,0.974456811960567,0.9812206989888971,0.9847138641335925,0.9746809779389638,0.9753827329008227,0.9806467176196813,0.9786589804406131,0.9802691657973878,0.9756651476369967,0.9796444955725654,0.9795526368567433,0.9767565738614976,0.9738495699795132,0.9822161739216132,0.9770674732953503,0.9769742407532467,0.9827122888733808,0.9732043180201004,0.9800041195793557,0.9775701792124674,0.9800041195793557,0.9775701792124674
90,3.29,0.990347186694735,0.9827100098479952,0.9813523515045884,0.9920060055550908,0.9705473990321454,0.9949056685298536,0.98699407217182,0.984072451173545,0.9806499988647159,0.984133387229123,0.9812429346289606,0.9832876429785218,0.985805634345053,0.9769455994654896,0.9901188363907116,0.9765525865943196,0.9743180110984695,0.9885149922091254,0.9772852961335946,0.9809385971247866,0.9809419389917866,0.9771178202078435,0.9687152984632221,0.9935368849724453,0.9758349654971716,0.9808184423252958,0.9752590819248591,0.9875654594246309,0.9767474850627547,0.9827760051615348,0.978014444173433,0.9857274547962752,0.9716752124779581,0.9882713376477029,0.9793194775384388,0.9806909753296627,0.9784234481107411,0.9795131571041166,0.9764598561098515,0.9757550375615881,0.9759664869533264,0.981282569476712,0.9822597159215289,0.9787118906518237,0.9822597159215289,0.9787118906518237
91,3.291,0.9979609404967364,0.9805697930498296,0.9981196667343067,0.978811433333839,0.9868072329806465,0.9821667980953239,0.9900187334989979,0.9799349354100555,0.9879275803759825,0.9792735650426175,0.9830431793263555,0.9890431836763505,0.9819063394572357,0.9842314630558608,0.9857503192317661,0.9757138100117904,0.9888994745127156,0.9747054020689164,0.9861845602925774,0.9774935319213717,0.9836914289863941,0.9783819086896672,0.9711799416175118,0.9888504085082491,0.9811276223619887,0.9804831787837678,0.9795881484682746,0.9800233910317063,0.9816042463519978,0.9801660023767951,0.9860773346724782,0.9733716955190405,0.9849056369725269,0.9793482107340409,0.9737430620730165,0.9861284316237204,0.9738000965925226,0.9855680700807974,0.9777668566597777,0.974370296277468,0.9763042171659377,0.9821123244528153,0.9747146156090349,0.982416943248619,0.9747146156090349,0.982416943248619
92,3.292,0.982657944740348,0.9959382831771676,0.9734907585153388,0.9974201585614318,0.9852180688086283,0.9858623883539076,0.9825537794453243,0.982975151016922,0.9792837470044309,0.9855525473501537,0.9838138362731377,0.9817479221324884,0.9814140025459361,0.9821642983902006,0.9865144469058615,0.9777207873886269,0.9840854737545007,0.9767805298304498,0.983284457458794,0.9808081643782663,0.9752527086191454,0.9847827017688278,0.9814082553219475,0.9800877299095282,0.9844893861229163,0.9789044150286722,0.9789570419605105,0.9790086701216906,0.9792239658653572,0.9831350996392088,0.9807582222808382,0.9783458960716018,0.9759607411328755,0.9821364664778568,0.9748806844994642,0.9772135545832472,0.979003581534704,0.982672810753719,0.97873203661138,0.9761263110164436,0.9741129932360196,0.9791664336320473,0.9798897403269793,0.9731308532444173,0.9798897403269793,0.9731308532444173
93,3.2929999999999997,0.9949766305327735,0.9815801682550402,1.0007872340540784,0.973606294954224,0.9916337282999464,0.9829030043150171,0.979250859768186,0.9853569940462222,0.9871317820821136,0.9778439727953421,0.983283583182897,0.9751235901732813,0.9847013681077064,0.9754785576805501,0.9859134188931996,0.976276203448444,0.9853183889323642,0.9779117804027601,0.9850028990362772,0.981626515236559,0.9862904412867681,0.9725401960679799,0.9793489648974232,0.9796533341430539,0.9743419042657899,0.9867822148712229,0.970471626992147,0.9855037921417031,0.9739874320152074,0.9835299846232795,0.9774528023300844,0.9817670684718228,0.9866544689424958,0.9709659594737675,0.9810036565561504,0.9761705695637005,0.9821498353835759,0.9747764583421201,0.9857101524034791,0.9732083137003621,0.9804157160373943,0.9738151191716968,0.978345645360056,0.9759531195289566,0.978345645360056,0.9759531195289566
94,3.294,0.9935648733242262,0.984873937711128,0.9775671789592832,0.9944026802254199,0.9849488673767777,0.9864105063236651,0.977755176009403,0.9888679619967452,0.9897410685853498,0.9747420709043607,0.9864228731317122,0.976248215706614,0.9773775922060686,0.9862174782744562,0.9815046719003494,0.9761741931539433,0.9784753572138072,0.9780504269768031,0.9788873289222478,0.9806471258602562,0.9811010434193206,0.9799312196650474,0.9866880139219908,0.9728734891428589,0.9800123318957027,0.9808514545148824,0.9774609842967766,0.985291778414908,0.981300969691823,0.9799824113956956,0.978638023393187,0.9770200292678506,0.9859143877009173,0.9756096756838484,0.9754740295678901,0.9819034043582411,0.9792380842827048,0.9758944023316722,0.9800375679673805,0.9775899189984786,0.9852914665356352,0.9743920985774186,0.9700242029727522,0.9845362689321737,0.9700242029727522,0.9845362689321737
95,3.295,0.9934116389008132,0.9864096920047272,0.9813000340265388,0.9924825977337397,0.9954863292793492,0.9779349565067478,0.9815662686761747,0.9872908231874499,0.9860858011960925,0.9771270993129354,0.988423259880144,0.9762048023497136,0.980043660926655,0.978890390525114,0.9827818487877173,0.9819163009985997,0.9846806621078267,0.9775613708119828,0.9771236616153272,0.9836166259623269,0.984504722711786,0.9762563061857623,0.9729483880052537,0.9884866933406536,0.9837208823771824,0.9725922952292303,0.9847167999329902,0.9749262571888868,0.9719085897218276,0.9841210190004119,0.980299588901951,0.9770355841568389,0.974873125115849,0.9793630795343921,0.9860751788767815,0.972603849766721,0.9803049919350265,0.9740366298521842,0.9737704864352661,0.9855497963397715,0.9726823083853106,0.9849909342434224,0.9704968004253473,0.9887922824486077,0.9704968004253473,0.9887922824486077
96,3.296,0.9848137502152143,0.9941836704404361,0.985781553965037,0.9887690156589273,0.9868825368522873,0.9840215719067521,0.9952126613891291,0.974666362355568,0.977415230348817,0.9860899523126679,0.9737995964554667,0.993663503672989,0.9777505227767912,0.9893369023340419,0.9767606969701151,0.9851646593829227,0.9911748140440155,0.9738754032441724,0.9842576964727974,0.979540425596743,0.9734124246605652,0.98257080207896,0.9847323855137569,0.9783455517277468,0.970407721301783,0.9848265548027458,0.9887290366820322,0.9704349291199729,0.9790107653801989,0.982853059974487,0.9834686108063706,0.9785945142881559,0.9752383082068807,0.9799776320010153,0.979660894026556,0.9787627072767177,0.9798869921376041,0.97700569468306,0.972146775537532,0.9821227869363389,0.9872921958564859,0.974284467268427,0.974387787315205,0.9838728983273073,0.974387787315205,0.9838728983273073
97,3.2969999999999997,0.9877323129189212,0.9903744225163089,0.9910510667544089,0.9819754910739119,0.9810280196347525,0.9862662673235696,0.9809815754449183,0.9873958628287328,0.9792466119265262,0.9877786602272502,0.9872254808678795,0.9754225893764026,0.9692627321553713,0.9937107321577914,0.9976552834111589,0.9687517485967132,0.9772769902743271,0.978933273946888,0.9816513168087955,0.9811089455156708,0.9855171584474658,0.9734700202571381,0.9802818795971084,0.9769330132940534,0.9763120260595437,0.985534525146845,0.9771910337116094,0.9828304784076487,0.9798662231712426,0.978714702082534,0.9912299697226594,0.9640682393817795,0.9819174567343382,0.9789378672044986,0.9781682686028347,0.9814033823899526,0.9746528994807347,0.9866070553299984,0.9780290316564059,0.9786518925721499,0.9699850993330718,0.9838793339387566,0.9763406062988083,0.9775185508414319,0.9763406062988083,0.9775185508414319
98,3.298,0.9893879702724858,0.9868630160377717,0.9840880684670071,0.9896883460833483,0.9958230915963401,0.9696703272154463,0.9838538482365984,0.9830077609547762,0.9777203190175873,0.9921623900938737,0.9763990758566373,0.9895344278983211,0.9836310886062775,0.9818561767336341,0.9815343459002652,0.9832641565285889,0.9719469459411957,0.9865936239207603,0.9780868119785451,0.980514946424795,0.9764339608083002,0.9836657586805119,0.9882233627980987,0.973492413260841,0.9906358449202638,0.9685920185886362,0.975520723090564,0.984385973403418,0.9759539335906869,0.9824856901626648,0.98231615380819,0.9768931587691831,0.975824249812069,0.985361209416495,0.9837383424492163,0.9738051554079086,0.9884077966133591,0.9695070075492764,0.9756081473310373,0.980823655765547,0.9863437576670049,0.9763951686624387,0.9822941323833687,0.9775791100610615,0.9822941323833687,0.9775791100610615
99,3.299,0.996073991762319,0.9853819831150389,0.9894866059941111,0.9809495605653781,0.9783054810750302,0.9862216046081977,0.9836203452563672,0.9865783230183995,0.9863060265118263,0.9771294101271102,0.9858497368319254,0.9822085540937177,0.9778950719074976,0.9865317810226214,0.988854718990396,0.9726136586144607,0.9756497179468117,0.989586554075942,0.9783339929164364,0.9867393299202966,0.9725180835210656,0.989978190203592,0.9804217742612502,0.9805007619933586,0.9830074166339684,0.9762708309088545,0.9833007938938386,0.9730564535412941,0.9853818559995552,0.9718965666189322,0.9787103605515728,0.9781780775162838,0.9804084370290529,0.9814111606029086,0.9728418495907192,0.983386402985615,0.9776163392979018,0.9759879466923667,0.9850401278329527,0.9729919880891285,0.9837625497317091,0.9804237413421429,0.985517096610272,0.9737234801757341,0.985517096610272,0.9737234801757341
100,3.3,0.9875597459563397,0.9904873620867481,0.9921198493573791,0.9807583793604803,0.986200209176281,0.9890378100305516,0.9882370754453892,0.9775712094605293,0.9889851833381775,0.9777453049126509,0.9748922095411977,0.9834683929070066,0.9778901362247622,0.9845109716487279,0.9819868589976242,0.9814290884699274,0.9814622299068305,0.9838546883827437,0.9791008124177432,0.9851982949035312,0.9807612208820359,0.981486183425564,0.9887219748062634,0.9722996982589528,0.9788451007414456,0.9750663063696676,0.9794675565872798,0.9766261122341826,0.9738911724697004,0.9831097061090901,0.9816788006782264,0.9773113470407594,0.9813949503645395,0.9782630007193699,0.9879281123705703,0.9750917305139543,0.9746243805584989,0.9785181475632191,0.9797773314385017,0.9735832736883567,0.978135317980437,0.9770644749170037,0.9830865933366163,0.9756468445264723,0.9830865933366163,0.9756468445264723
