,Frequency,Signal Run 0,Background Run 0,Signal Run 1,Background Run 1,Signal Run 2,Background Run 2,Signal Run 3,Background Run 3,Signal Run 4,Background Run 4,Signal Run 5,Background Run 5,Signal Run 6,Background Run 6,Signal Run 7,Background Run 7,Signal Run 8,Background Run 8,Signal Run 9,Background Run 9,Signal Run 10,Background Run 10,Signal Run 11,Background Run 11,Signal Run 12,Background Run 12,Signal Run 13,Background Run 13,Signal Run 14,Background Run 14,Signal Run 15,Background Run 15,Signal Run 16,Background Run 16,Signal Run 17,Background Run 17,Signal Run 18,Background Run 18,Signal Run 19,Background Run 19,Signal Run 20,Background Run 20,Signal Run 21,Background Run 21,Signal Run 22,Background Run 22,Signal Run 23,Background Run 23,Signal Run 24,Background Run 24
0,2.8,38.08,38.676,38.506,40.22,35.593,36.411,37.76,39.598,31.21,30.375,34.709,36.377,38.388,40.089,38.155,38.954,36.123,38.739,36.008,39.508,35.897,37.453,36.005,36.928,35.974,36.886,37.475,38.945,36.758,39.982,35.544,36.804,34.62,37.523,36.988,37.876,35.416,36.325,35.859,37.208,35.536,35.672,35.392,38.123,34.431,35.923,36.455,37.993,34.682,35.518
1,2.8026666666666666,38.132,38.572,37.807,40.844,37.829,38.015,38.829,39.942,39.019,40.827,32.057,32.121,38.069,40.147,39.062,36.939,36.698,38.017,37.681,38.593,37.182,39.009,37.46,39.082,38.537,40.153,34.445,35.657,35.71,39.678,35.931,38.248,38.116,40.942,35.089,36.779,36.664,37.07,34.726,36.269,35.512,36.732,31.62,34.855,36.022,38.888,36.037,37.019,36.292,38.972
2,2.805333333333333,37.543,40.891,36.54,38.839,40.598,41.616,37.811,39.364,35.244,36.814,36.606,36.247,37.013,38.064,37.184,39.926,35.845,38.162,36.957,38.732,36.627,37.589,33.071,33.61,37.715,37.308,37.839,37.605,35.743,38.323,36.927,37.723,35.965,38.684,35.887,36.672,35.559,36.753,35.273,36.745,35.744,38.59,36.838,37.853,35.253,38.375,35.007,36.838,35.84,38.868
3,2.808,37.518,41.192,38.941,42.108,42.802,43.909,34.946,36.806,38.224,39.187,35.98,39.927,36.193,36.814,37.41,36.592,37.728,40.711,33.78,34.318,34.639,34.838,35.398,38.284,36.574,37.551,37.356,38.565,34.558,36.797,37.194,39.368,36.754,36.777,37.407,41.136,34.628,37.924,36.88,38.211,37.088,39.046,36.291,36.903,36.795,36.69,35.187,37.68,36.432,39.205
4,2.8106666666666666,37.626,39.365,36.841,40.255,39.217,39.791,37.601,38.607,34.272,37.1,34.546,34.434,36.846,37.831,37.041,38.684,36.557,38.837,38.802,38.882,35.267,38.898,35.038,35.352,34.071,34.937,36.658,39.46,36.517,36.924,37.004,39.246,37.185,36.852,36.056,38.023,37.455,39.83,36.052,39.445,35.165,36.354,36.174,38.95,35.601,37.233,37.171,38.828,36.828,38.579
5,2.813333333333333,36.049,38.699,35.907,36.558,36.394,38.448,37.292,39.527,34.291,37.127,31.793,33.41,36.832,39.084,36.399,38.189,36.806,39.202,37.186,38.121,35.073,37.591,33.178,34.689,36.994,40.099,36.756,37.654,36.541,38.784,37.407,39.664,34.655,35.906,35.762,37.603,41.479,44.642,34.534,36.593,34.498,37.841,36.075,37.687,34.669,36.684,37.394,39.89,34.927,39.074
6,2.816,35.924,37.566,36.54,39.412,36.689,38.238,35.362,37.969,36.1,36.868,39.393,40.85,38.168,39.756,37.978,40.409,37.524,39.621,37.421,38.77,37.947,39.061,34.887,37.396,38.241,38.928,36.481,37.632,36.359,39.625,36.894,36.539,38.499,40.201,36.195,37.909,38.392,40.257,33.423,34.14,36.784,36.857,35.335,37.344,36.351,36.929,36.401,38.318,35.16,37.273
7,2.8186666666666667,36.485,39.351,36.391,40.068,37.499,38.767,37.892,40.485,37.366,39.843,38.303,41.215,37.072,38.148,37.759,41.084,36.985,39.274,35.031,36.894,33.721,36.254,36.4,37.568,37.207,36.701,37.128,37.962,36.335,38.809,37.016,37.947,37.904,39.687,37.176,40.141,37.251,38.517,33.82,38.434,35.564,38.297,37.256,37.854,34.996,38.946,36.383,39.014,36.624,38.219
8,2.821333333333333,38.188,40.436,37.564,40.133,37.769,39.403,35.263,37.334,36.079,39.49,38.48,40.213,36.387,39.28,35.866,35.334,37.199,36.539,36.833,38.311,36.721,38.372,36.803,39.005,37.282,39.721,37.17,38.665,36.093,37.477,35.459,36.591,36.043,38.977,37.426,38.431,35.34,36.1,36.487,39.573,35.195,37.871,35.481,37.694,34.346,38.046,35.935,36.249,35.601,36.111
9,2.824,33.85,34.425,37.458,40.257,37.254,38.425,39.412,40.019,38.028,41.187,37.726,38.616,37.322,39.838,36.541,38.949,36.298,36.364,36.568,37.856,37.874,41.022,34.703,38.434,36.266,38.945,35.736,36.092,35.588,37.811,35.175,37.737,35.956,36.056,35.956,36.114,38.637,39.734,37.608,39.29,36.142,37.322,36.946,38.501,36.655,38.785,35.858,38.655,36.242,38.018
10,2.8266666666666667,37.166,38.15,37.366,37.113,39.047,37.994,37.102,39.303,35.637,39.228,39.777,39.474,36.347,38.457,37.018,39.01,36.165,35.871,37.614,38.556,37.04,39.408,34.696,36.601,37.191,38.573,36.685,37.693,35.444,37.593,36.055,38.544,39.794,38.97,36.257,38.1,34.1,37.709,37.973,38.874,36.69,38.133,36.12,36.963,36.926,38.273,35.969,37.292,36.914,40.039
11,2.829333333333333,39.424,40.464,39.893,39.556,36.69,40.862,36.018,37.246,37.421,39.242,36.272,36.729,36.301,38.821,36.563,37.987,36.951,36.836,37.174,38.277,34.609,36.583,37.561,38.835,38.703,38.496,36.91,38.327,35.249,38.561,36.439,36.852,34.242,36.646,38.196,39.194,32.598,34.689,37.514,39.81,35.8,35.577,35.882,35.819,35.614,37.746,35.371,38.482,36.264,36.309
12,2.832,35.077,38.359,38.816,38.473,35.904,38.338,36.565,40.091,38.855,41.3,39.034,41.974,36.158,36.876,36.742,36.945,35.045,37.717,38.395,38.431,36.75,38.5,35.467,36.829,36.792,37.65,38.159,41.282,36.174,39.191,38.093,38.093,27.338,27.742,35.354,37.742,38.059,38.81,36.394,36.835,36.393,38.046,35.621,37.421,35.383,36.992,35.478,36.607,34.64,38.66
13,2.8346666666666667,36.957,37.604,37.799,38.877,36.602,38.778,38.3,39.364,36.569,38.206,33.56,31.166,35.767,37.834,36.018,38.668,37.132,38.264,37.218,40.86,37.868,38.475,37.362,38.275,36.383,38.486,35.884,37.151,35.861,35.673,37.989,40.639,30.603,30.202,37.608,43.154,34.963,38.309,36.544,38.657,35.657,36.696,36.024,38.779,34.855,36.994,35.054,35.68,38.274,39.941
14,2.837333333333333,36.365,36.797,37.927,38.05,37.786,40.388,38.705,39.466,39.631,40.946,39.48,42.485,38.23,40.207,36.018,38.666,36.11,38.333,37.328,38.384,36.415,37.898,36.307,38.421,37.614,39.846,36.84,38.902,37.466,39.209,37.763,37.844,36.896,36.515,38.335,39.671,34.913,34.969,36.555,38.089,34.898,36.079,32.748,32.343,36.105,37.329,36.657,39.133,36.677,39.019
15,2.84,38.288,39.9,38.052,40.418,37.438,39.888,36.154,37.188,37.115,40.711,39.164,40.587,37.249,40.117,37.003,39.267,34.885,39.554,36.298,38.389,34.341,36.237,36.119,36.452,37.067,38.474,32.299,33.72,31.903,32.99,34.99,37.893,36.386,39.34,40.718,42.691,37.995,41.41,35.784,34.012,34.677,36.45,36.931,39.15,36.357,36.969,35.413,36.138,36.369,40.167
16,2.8426666666666667,38.018,38.893,36.138,39.221,37.584,38.119,35.798,35.549,35.955,36.541,39.034,41.85,37.556,38.132,35.816,37.606,37.141,39.106,37.393,38.335,37.86,39.212,37.365,38.824,35.997,38.329,35.285,36.498,35.421,38.938,38.786,40.529,38.357,37.499,39.207,40.212,35.542,38.998,37.099,37.014,36.394,38.391,35.885,37.551,36.077,38.435,35.442,37.539,33.937,35.709
17,2.845333333333333,37.582,37.264,37.581,38.617,37.204,39.49,35.422,36.857,36.213,38.013,37.522,42.379,36.835,38.467,37.442,39.012,35.264,38.39,34.546,36.979,37.413,38.891,37.401,40.593,38.719,39.461,36.212,36.79,34.539,35.946,37.131,40.132,38.161,38.527,36.527,38.286,36.03,36.93,36.098,37.743,36.127,37.29,35.014,37.559,36.874,38.648,34.206,35.921,35.08,35.732
18,2.848,38.284,38.478,38.237,40.315,37.559,38.62,38.126,38.674,35.662,36.385,38.072,40.048,37.103,38.936,35.462,36.61,36.24,39.472,35.786,39.544,37.127,39.994,37.307,40.189,36.394,37.476,38.825,39.191,37.38,38.423,34.83,35.038,35.549,36.422,35.47,38.709,35.018,39.653,36.99,38.169,34.77,36.062,38.641,39.968,37.169,36.805,32.888,33.297,36.412,37.151
19,2.8506666666666667,37.664,38.462,36.51,38.687,36.692,39.195,39.958,41.637,38.565,39.575,38.685,38.694,38.405,41.026,37.019,38.49,37.724,38.592,32.483,32.296,37.984,39.866,35.069,37.041,37.438,39.786,37.403,38.274,33.43,35.218,34.623,37.277,36.739,37.279,38.569,41.922,37.783,38.785,35.865,38.039,33.945,37.713,38.019,38.483,34.305,37.461,39.153,40.915,33.747,36.142
20,2.853333333333333,38.179,40.923,35.186,38.016,36.608,37.871,41.187,40.798,35.047,36.701,37.647,40.408,38.913,40.062,36.306,37.965,37.406,40.657,35.364,37.288,34.912,37.019,35.813,37.43,36.473,37.251,38.165,40.936,38.986,43.542,36.486,36.806,34.021,36.138,37.271,37.716,35.459,37.071,35.468,36.125,35.43,39.253,35.503,38.567,36.695,37.387,35.242,36.74,35.204,34.968
21,2.856,38.914,41.068,37.956,38.573,35.869,37.836,37.942,39.486,37.087,39.967,36.503,37.516,38.714,39.745,36.362,36.718,37.549,40.43,36.535,38.303,35.256,36.841,35.685,36.733,36.108,39.263,35.197,37.705,36.113,38.163,33.442,35.463,36.89,37.806,36.688,38.207,35.172,37.508,36.021,37.68,35.093,35.672,37.232,38.631,35.944,37.585,38.906,39.62,35.972,37.519
22,2.8586666666666667,34.359,37.163,37.574,39.302,37.011,37.705,37.071,39.399,36.365,38.116,33.278,37.264,38.144,37.427,37.146,38.222,36.053,39.168,37.499,38.982,35.962,37.948,35.807,38.132,36.13,35.757,33.382,32.912,37.644,40.978,37.781,38.86,36.521,36.581,36.927,36.492,36.297,37.234,36.403,37.414,34.97,36.143,36.104,37.701,36.429,39.232,34.989,36.99,35.04,37.57
23,2.861333333333333,36.632,38.746,34.833,38.5,37.075,39.627,39.245,41.529,38.074,38.67,32.862,36.041,36.379,35.855,36.628,36.643,35.36,37.909,32.499,35.102,36.375,39.679,37.581,39.778,35.552,36.556,38.56,38.248,35.966,39.355,35.814,35.23,37.507,39.836,37.153,38.344,37.096,39.467,36.092,40.033,35.955,37.809,36.754,39.293,33.088,33.286,38.529,39.976,36.302,37.524
24,2.864,36.823,39.234,36.096,39.866,36.447,37.926,37.081,39.93,38.027,39.16,32.873,33.189,39.075,41.186,37.063,37.976,33.842,34.189,39.557,39.77,36.907,38.986,36.757,36.833,35.111,36.692,36.856,39.744,38.708,39.045,37.012,37.238,38.045,39.505,36.341,37.772,36.326,38.818,37.456,38.174,35.247,38.98,35.749,37.576,34.271,36.223,37.739,38.175,37.803,39.084
25,2.8666666666666667,37.584,38.774,36.511,36.682,36.815,39.323,36.288,40.128,36.878,39.372,35.283,37.01,38.673,39.854,36.271,38.413,36.967,39.631,37.593,38.559,32.679,34.677,38.717,38.623,34.782,37.454,35.159,37.528,37.229,38.686,36.829,36.11,36.916,37.749,36.737,37.588,36.67,38.64,37.669,38.468,36.062,36.988,35.644,38.126,37.83,38.362,36.668,37.792,35.711,38.192
26,2.869333333333333,36.328,40.508,38.109,40.648,36.915,37.262,38.817,41.003,36.255,38.914,38.395,40.295,34.517,38.147,37.449,38.992,38.656,40.07,36.875,40.771,35.425,36.735,37.522,39.098,35.087,36.099,39.022,40.663,36.648,39.595,35.615,36.581,37.515,39.217,35.865,35.649,37.343,37.507,36.283,37.977,35.958,39.196,35.109,36.498,36.222,37.217,36.978,39.416,35.703,38.565
27,2.872,36.901,39.245,36.564,39.432,38.27,37.852,39.337,39.654,36.871,40.892,37.928,40.304,37.908,38.908,37.107,38.347,37.819,40.54,36.62,39.802,35.958,39.102,35.334,38.653,37.339,40.071,38.895,40.053,35.013,38.098,34.568,36.648,36.346,38.283,33.435,34.883,35.379,38.352,35.707,36.634,35.783,36.28,38.034,39.679,35.926,37.97,36.639,39.607,34.966,37.158
28,2.8746666666666667,38.267,41.281,37.67,38.651,35.967,37.474,38.067,39.015,37.425,41.553,38.006,39.963,36.401,37.979,36.015,37.84,36.618,38.143,38.603,39.244,35.378,36.138,38.261,37.922,36.578,39.028,37.801,42.819,38.332,39.944,39.563,41.664,37.208,38.931,35.611,37.683,34.286,36.239,34.084,35.64,34.409,34.869,37.323,37.957,37.996,38.871,34.539,34.281,34.912,35.168
29,2.877333333333333,37.969,39.619,35.937,39.81,36.555,35.584,41.821,43.55,38.274,38.079,39.142,40.196,35.02,36.185,36.862,38.99,34.831,38.308,38.301,40.961,34.46,36.327,37.103,37.076,36.486,39.531,38.097,40.334,38.574,40.301,39.117,41.568,36.878,38.826,35.884,40.019,38.459,39.532,38.039,39.649,34.832,38.287,36.135,38.161,37.922,40.716,34.212,36.432,34.741,35.099
30,2.88,35.743,37.532,36.158,38.595,38.74,39.619,37.262,39.05,38.064,38.258,35.91,37.678,33.732,36.445,38.97,40.185,36.629,38.742,37.238,39.419,34.503,36.632,37.061,38.545,35.751,37.594,38.795,39.47,32.539,35.98,37.074,38.537,36.974,39.131,40.343,40.394,37.353,38.645,36.719,37.621,34.884,35.717,36.984,37.819,37.707,39.337,37.102,38.932,36.534,37.418
31,2.8826666666666667,36.762,39.631,37.546,37.92,37.494,39.214,35.997,39.017,36.629,37.415,36.159,38.977,38.014,40.498,37.437,40.056,39.008,41.555,37.046,39.775,37.776,39.502,37.48,38.296,36.641,37.372,36.722,38.708,37.569,40.026,37.827,38.11,37.239,37.976,37.397,37.975,37.987,38.422,35.195,38.356,35.281,37.419,35.337,37.233,35.635,37.758,35.394,36.811,37.2,38.843
32,2.885333333333333,36.274,39.164,36.868,39.36,37.221,38.867,36.957,36.951,36.016,38.787,37.847,40.767,35.458,39.878,38.408,39.076,37.498,39.188,38.384,38.891,36.147,37.165,36.81,38.764,37.224,37.886,35.692,37.165,37.104,40.089,37.014,41.288,37.259,39.073,38.503,38.9,34.893,37.186,35.892,37.501,36.451,38.679,35.39,35.953,36.185,39.194,36.567,37.219,34.799,36.217
33,2.888,36.376,38.08,37.277,38.434,37.116,39.993,34.847,36.43,37.438,40.443,37.491,37.667,36.78,39.586,34.884,37.989,36.504,38.016,37.382,39.879,33.999,35.385,37.449,38.795,36.627,39.956,35.995,37.932,39.525,40.699,35.952,36.34,36.62,38.059,36.861,39.127,37.491,39.144,37.982,37.556,36.594,37.532,35.736,37.14,35.297,37.018,34.319,35.213,33.777,36.254
34,2.8906666666666667,35.695,37.477,36.071,38.818,36.455,38.961,37.603,37.909,37.77,40.127,37.179,37.709,36.35,38.716,37.953,39.357,36.598,36.998,36.212,37.628,36.119,35.732,36.987,38.601,35.632,39.417,31.892,35.577,34.622,37.347,29.69,32.958,37.249,39.05,35.389,35.711,37.073,37.698,37.094,38.537,36.12,37.42,37.763,39.296,32.384,34.334,37.044,37.832,35.109,37.225
35,2.893333333333333,36.052,37.799,37.288,41.227,36.446,39.473,37.194,37.477,37.765,40.643,39.211,38.861,36.626,38.864,37.469,39.787,34.987,36.21,37.481,40.121,37.647,38.452,36.05,38.605,37.24,39.321,36.352,37.085,36.162,37.786,36.557,34.986,36.53,38.199,34.507,36.216,35.94,37.378,37.315,39.72,33.855,36.15,36.298,37.757,36.337,38.321,37.388,36.415,34.791,36.769
36,2.896,33.607,35.746,36.786,39.967,37.4,39.29,35.452,37.962,37.646,40.661,36.682,37.596,37.163,38.193,35.301,37.369,39.407,40.605,36.754,40.099,37.675,39.625,35.659,37.761,36.089,36.839,40.632,40.497,39.537,41.256,35.383,37.088,35.239,37.11,34.616,39.786,35.905,36.582,36.489,39.734,36.708,37.522,36.458,35.743,36.368,40.139,35.227,35.042,34.97,38.03
37,2.8986666666666667,36.522,37.884,36.759,38.963,36.625,37.57,35.152,37.402,36.613,38.48,37.297,41.44,37.322,40.134,38.199,37.639,38.6,38.346,36.354,39.926,38.373,39.39,36.114,39.332,36.639,40.197,35.326,37.539,34.796,36.878,41.578,41.269,35.432,36.98,35.236,37.378,36.918,39.388,35.614,37.71,34.823,37.397,36.78,37.098,35.206,36.784,33.522,36.26,36.725,39.617
38,2.901333333333333,36.377,39.597,35.918,38.001,35.747,37.711,37.063,40.076,37.754,38.407,35.799,38.619,36.155,37.808,34.769,36.583,38.091,39.993,36.44,37.933,37.131,38.721,36.034,36.318,37.919,40.105,34.665,37.154,39.314,40.472,36.732,39.35,36.267,38.189,37.58,38.274,35.669,38.175,36.585,39.303,36.527,37.066,37.352,39.592,36.621,37.884,34.291,36.454,37.602,39.41
39,2.904,38.619,41.185,36.039,39.495,37.92,40.018,37.039,37.717,37.287,39.12,37.571,39.605,38.378,39.947,37.491,41.442,39.462,41.34,37.448,38.353,34.792,37.828,35.772,39.624,36.393,37.892,36.152,37.501,36.812,38.316,38.103,39.03,36.618,38.838,35.656,37.413,35.379,37.425,35.359,37.146,36.058,39.368,37.066,37.834,35.487,36.286,36.848,37.616,35.206,38.316
40,2.9066666666666667,37.23,37.55,37.087,39.406,33.839,34.909,32.897,34.928,37.076,37.679,39.647,39.604,37.515,38.122,37.781,38.985,37.803,40.711,35.729,36.727,36.251,36.885,36.301,37.952,35.861,37.944,37.234,39.03,39.761,42.614,37.729,40.158,37.734,38.152,34.446,36.879,36.524,40.968,34.14,33.874,35.482,36.806,36.079,39.659,35.547,38.254,35.88,36.594,35.493,38.296
41,2.909333333333333,37.38,40.69,36.39,37.788,36.661,39.675,36.258,38.947,36.831,40.929,38.669,38.161,37.343,39.53,37.478,39.916,37.1,37.855,35.25,37.01,35.916,38.764,37.789,39.894,35.57,37.993,35.2,36.918,36.632,38.758,38.219,38.66,35.317,36.465,35.246,37.207,37.49,38.809,36.033,38.331,35.936,38.17,36.048,36.928,36.919,35.927,34.57,37.218,37.436,38.61
42,2.912,37.362,39.744,36.47,40.048,34.427,35.909,35.798,38.135,39.055,40.975,38.948,38.066,38.054,38.795,37.444,39.322,34.415,34.873,36.173,38.05,39.181,39.457,36.7,35.843,37.07,39.793,36.343,36.342,36.238,38.51,37.556,39.051,34.241,38.949,35.49,36.328,37.554,38.331,36.486,38.392,36.076,38.384,36.008,39.455,35.033,36.619,36.089,38.294,37.327,38.694
43,2.9146666666666667,36.966,40.564,36.822,38.279,37.66,38.802,38.705,41.286,36.932,38.104,38.385,38.999,36.774,40.148,35.198,39.596,27.202,32.101,37.291,37.692,35.403,37.729,35.691,38.83,36.944,38.435,34.651,35.792,36.338,36.993,35.475,36.811,37.447,39.075,34.924,35.422,39.155,41.505,36.742,37.056,36.26,37.157,36.429,36.271,35.008,34.981,35.265,36.257,37.159,38.122
44,2.917333333333333,38.095,42.734,37.717,39.611,37.884,38.405,39.141,41.718,38.045,39.366,38.087,40.572,36.395,37.556,37.652,38.757,37.774,38.587,37.385,39.037,36.706,37.833,37.541,37.207,37.302,40.696,36.661,38.481,35.527,37.579,36.96,40.458,36.503,38.545,34.776,36.403,37.517,38.3,35.71,40.03,37.104,39.707,36.437,37.156,34.383,36.395,37.168,39.319,36.266,37.496
45,2.92,36.315,40.919,36.794,38.01,38.672,40.078,38.334,38.93,35.957,37.848,35.867,37.977,37.351,39.301,35.474,36.998,32.97,33.828,37.647,38.399,35.191,37.449,34.33,37.413,37.892,40.211,36.327,39.108,36.275,37.425,36.589,38.9,37.483,38.803,35.713,37.541,36.728,39.202,34.164,35.833,37.759,40.652,37.679,40.325,35.427,36.272,37.465,39.56,34.283,36.436
46,2.9226666666666667,36.661,40.347,34.647,38.225,38.243,40.846,36.465,38.901,37.334,37.77,34.024,35.723,37.493,38.998,34.369,36.612,36.963,39.237,36.154,39.073,34.626,35.727,36.843,36.715,36.818,40.614,36.061,38.843,35.204,37.4,37.245,38.158,35.976,38.3,36.667,38.458,35.199,35.878,36.355,38.47,36.188,37.157,36.612,36.763,35.523,37.666,37.205,38.071,36.179,38.323
47,2.925333333333333,36.653,39.777,39.023,40.585,38.482,39.768,39.181,39.303,36.781,39.003,31.502,34.524,37.204,41.34,34.821,35.947,32.013,37.933,38.514,37.912,35.273,36.857,35.58,39.04,35.886,38.112,36.644,37.149,35.389,37.573,34.717,35.372,36.662,37.886,36.142,37.248,34.553,37.862,35.337,38.807,35.251,36.745,36.555,36.947,34.626,33.827,35.51,37.596,35.534,37.492
48,2.928,35.677,38.124,33.313,34.1,39.331,41.498,38.418,38.222,36.01,37.841,35.187,41.551,35.929,36.106,33.818,34.749,35.851,37.15,35.766,37.317,36.947,39.933,35.699,37.853,36.399,37.774,35.188,37.914,37.075,43.49,36.087,38.602,36.962,40.285,35.89,36.137,37.32,37.269,36.441,37.551,35.991,36.834,36.377,38.212,34.932,36.091,35.379,39.594,37.621,37.726
49,2.9306666666666668,35.454,36.098,34.928,38.052,36.941,39.279,36.763,36.785,35.413,39.306,39.197,42.099,37.249,37.323,32.686,35.491,36.177,37.22,36.318,36.214,37.536,40.176,36.812,38.751,36.72,39.719,35.84,38.755,38.707,39.26,32.63,31.365,36.759,38.342,35.845,37.72,35.377,38.783,36.342,37.184,34.909,36.481,36.202,38.178,34.953,36.694,36.211,38.268,35.562,38.791
50,2.933333333333333,36.28,38.172,37.186,38.797,35.369,39.149,36.528,38.872,36.261,37.463,37.608,37.468,34.878,38.004,35.336,36.774,35.152,37.436,38.467,38.949,36.694,37.689,35.959,39.37,36.737,38.336,36.196,35.772,41.012,43.02,37.848,37.231,34.561,35.565,36.267,37.076,37.307,39.436,36.929,38.509,35.836,38.278,37.083,38.618,33.958,37.34,36.835,39.605,36.644,40.21
51,2.936,36.788,39.274,32.262,35.361,37.865,38.336,36.526,38.56,36.259,38.19,36.07,37.772,36.724,37.632,36.356,38.241,38.098,38.228,36.572,40.177,36.91,37.457,36.0,36.604,37.176,38.948,36.018,38.609,36.543,39.392,36.089,38.98,36.859,38.183,36.336,38.356,35.394,37.586,36.285,39.466,36.268,38.408,36.652,38.358,35.773,38.004,35.774,37.358,38.011,39.975
52,2.9386666666666668,35.715,36.759,33.14,36.184,36.636,39.207,36.523,39.242,37.079,37.439,34.887,36.833,35.64,36.444,38.023,40.097,37.448,40.184,35.146,35.88,36.437,36.248,35.657,37.972,37.461,39.806,35.958,36.059,36.631,38.958,33.281,35.004,35.104,36.628,35.763,38.303,36.693,37.232,36.035,37.913,37.835,39.351,38.397,36.998,34.758,36.196,36.36,36.88,37.732,37.617
53,2.941333333333333,36.335,36.817,37.537,38.631,36.887,39.625,36.149,37.023,37.36,39.194,35.528,36.36,36.217,38.008,37.224,41.509,36.099,39.08,37.056,37.269,35.599,38.306,37.328,38.392,35.052,38.02,36.451,36.982,35.886,34.972,36.193,37.611,35.638,37.933,35.012,36.596,34.307,36.342,37.257,38.046,38.24,39.478,35.095,37.059,33.886,36.973,33.821,35.892,38.723,41.558
54,2.944,37.267,40.577,36.17,38.145,36.337,37.594,37.083,37.753,37.745,37.462,35.453,37.808,33.684,36.992,36.836,38.623,37.778,41.069,35.585,37.574,35.36,36.313,36.122,38.754,35.801,37.2,36.851,40.085,36.99,37.198,37.61,39.608,37.29,38.528,37.436,39.489,36.444,39.115,37.779,36.991,36.574,38.153,36.538,37.971,34.01,37.466,37.263,40.876,35.408,36.57
55,2.9466666666666668,37.249,38.961,35.495,35.559,37.308,38.678,38.953,39.299,35.528,38.492,36.731,40.593,35.829,36.96,34.324,37.24,37.748,40.093,36.885,40.267,35.408,38.049,34.68,35.227,36.704,38.434,38.312,40.387,33.827,38.262,33.443,35.818,36.273,38.645,36.53,37.367,37.067,39.152,34.002,35.623,34.558,36.115,36.82,38.534,36.667,41.797,36.544,37.066,36.139,36.879
56,2.949333333333333,37.392,39.443,35.217,36.659,36.751,39.591,37.877,38.86,35.878,38.327,36.898,39.636,35.154,36.9,35.866,37.837,38.028,37.908,36.046,37.418,34.558,36.751,37.95,38.619,37.111,39.291,36.146,38.599,34.386,36.497,34.527,37.498,35.514,37.568,36.063,37.978,35.455,36.9,36.57,39.38,33.496,34.812,36.429,39.489,38.32,40.398,37.056,37.796,36.159,36.62
57,2.952,36.019,38.919,36.014,36.966,37.227,37.722,37.781,37.347,37.116,40.615,37.593,41.65,34.967,38.042,40.116,41.123,35.991,38.03,38.377,38.974,38.187,40.674,36.071,38.987,36.196,37.457,35.768,38.07,35.403,38.433,37.563,39.415,33.735,36.818,35.728,37.687,36.297,38.703,35.487,35.776,37.252,36.903,37.102,39.166,34.305,35.424,38.062,38.746,36.703,38.308
58,2.9546666666666668,37.827,38.631,36.805,38.08,35.453,36.502,36.242,38.67,36.548,38.253,38.869,40.957,36.677,37.903,36.413,39.073,36.669,40.314,36.875,37.953,36.584,39.436,35.662,36.542,36.011,37.66,37.517,39.568,36.323,39.093,38.165,39.522,34.747,37.022,32.539,30.685,36.553,37.826,35.844,36.631,35.974,36.209,35.322,36.377,34.786,36.18,36.423,38.283,37.317,37.799
59,2.957333333333333,37.422,38.289,39.473,42.723,33.424,35.822,37.362,35.901,33.702,33.057,33.662,33.687,36.461,38.806,35.804,37.073,36.175,39.011,37.368,39.352,36.448,38.142,37.171,38.271,35.964,38.569,38.389,38.992,37.857,41.966,38.184,39.565,36.195,38.751,40.814,43.488,36.82,39.582,36.302,37.214,34.698,37.138,37.126,40.225,36.959,36.224,32.74,33.895,36.561,37.693
60,2.96,37.899,37.202,38.459,42.472,35.581,37.256,37.923,42.075,34.819,37.156,30.419,28.014,36.327,37.711,35.519,38.245,36.989,37.868,35.511,38.201,33.555,37.024,37.622,41.615,34.03,35.747,36.263,40.629,37.52,40.94,37.608,41.386,34.947,38.09,36.799,40.63,36.153,36.742,36.7,37.97,37.929,38.17,36.222,37.809,37.057,38.116,29.085,32.523,36.539,38.4
61,2.962666666666667,37.203,37.617,41.126,41.858,35.836,37.105,36.687,37.909,36.658,38.65,39.361,44.236,36.014,37.75,34.55,35.979,34.279,34.345,36.526,37.814,36.271,38.506,36.809,38.674,35.739,37.087,36.146,38.422,35.903,39.975,37.949,41.118,33.732,35.787,37.874,38.779,37.67,41.077,35.827,37.518,37.915,39.225,38.39,38.097,36.094,37.069,34.157,37.182,35.52,34.155
62,2.965333333333333,37.934,38.615,37.069,39.51,33.919,37.724,37.628,37.513,37.817,38.514,37.527,39.331,35.056,36.525,34.614,36.433,34.361,38.647,37.06,37.949,35.664,37.588,35.247,37.629,35.627,38.45,36.629,37.718,37.061,38.796,37.329,38.117,35.957,36.745,33.874,37.151,35.224,35.965,34.023,35.306,35.668,36.629,36.351,39.391,36.06,37.881,36.281,38.392,36.19,38.968
63,2.968,36.571,36.894,36.033,38.499,36.336,37.619,34.795,37.585,36.812,39.89,38.831,40.745,37.936,38.595,36.662,38.119,36.554,38.758,37.928,39.491,37.673,38.867,35.64,36.541,36.448,38.933,35.767,38.526,35.578,37.148,35.964,38.433,35.458,37.336,37.603,39.86,35.867,38.822,36.153,37.109,36.362,36.703,37.24,41.367,35.798,37.881,34.227,34.693,33.764,35.049
64,2.970666666666667,36.616,38.403,38.694,41.61,35.897,36.549,38.388,39.394,37.801,37.856,38.078,38.881,34.64,36.377,36.374,37.941,37.177,38.65,38.013,37.223,35.345,35.7,37.27,39.896,36.959,41.014,36.817,39.171,36.374,36.352,33.856,36.538,35.318,35.889,37.265,39.221,35.043,36.972,36.5,37.245,36.536,39.847,31.602,34.528,36.383,39.03,38.031,37.85,35.911,39.006
65,2.973333333333333,35.261,37.161,38.765,39.757,36.821,37.134,38.661,38.501,36.726,39.819,34.965,36.611,36.354,39.656,38.295,36.928,37.311,37.506,38.162,39.276,35.942,39.124,35.736,39.224,36.922,37.284,36.704,39.003,37.568,36.958,36.133,36.855,35.23,37.91,36.651,38.112,36.802,37.524,36.639,39.384,35.75,36.894,33.027,35.525,36.005,36.407,37.137,39.58,36.129,40.019
66,2.976,35.128,37.29,35.163,37.42,38.049,39.45,36.568,38.08,36.783,40.207,38.736,39.41,35.784,39.107,37.416,37.818,36.94,39.89,36.854,40.454,36.545,39.592,36.422,37.411,36.979,38.519,34.98,38.859,36.381,38.934,35.189,37.837,37.745,42.38,37.462,36.8,35.923,37.64,36.585,37.272,34.595,37.212,36.504,36.491,36.903,38.107,36.021,39.029,34.873,36.382
67,2.978666666666667,36.046,37.978,36.793,38.731,36.7,38.948,37.92,41.193,38.635,41.225,37.672,39.596,37.706,39.512,36.677,38.568,36.931,39.192,36.955,38.885,36.805,38.52,35.881,38.273,37.005,39.825,36.797,37.832,36.54,38.508,37.99,40.437,35.723,39.105,39.574,39.182,35.538,37.807,35.496,39.441,34.738,36.395,34.753,36.361,34.508,35.621,37.733,37.452,36.759,38.063
68,2.981333333333333,36.669,39.491,35.001,37.247,36.707,38.701,36.249,38.589,37.396,37.797,38.505,39.009,36.457,38.684,37.488,40.833,37.243,39.075,37.325,38.019,35.301,37.643,38.482,39.744,37.313,37.766,35.462,38.202,35.568,37.332,38.341,41.509,34.594,37.343,37.009,37.22,35.175,38.14,35.218,36.189,36.981,37.992,33.384,35.243,34.996,37.191,37.332,39.343,35.317,37.532
69,2.984,36.372,36.675,34.46,35.982,37.162,40.496,37.172,39.314,37.75,39.558,38.599,38.601,35.568,36.72,37.462,39.428,35.948,37.156,37.323,39.476,35.104,39.701,35.481,38.489,35.301,36.667,36.556,37.906,37.478,37.386,36.244,38.17,35.614,38.498,37.649,39.042,36.094,37.685,35.956,36.678,35.758,37.311,36.57,38.233,36.644,38.836,35.323,38.399,36.728,37.655
70,2.986666666666667,37.454,39.961,35.407,37.387,37.076,39.971,36.574,39.783,36.963,40.52,37.076,38.695,37.879,40.166,36.138,38.819,36.642,37.603,36.81,38.512,34.716,37.698,35.542,39.349,36.665,38.291,37.03,37.341,35.205,39.178,37.529,38.723,35.009,37.391,36.48,37.953,38.129,39.206,35.873,38.253,36.37,38.911,36.187,39.899,35.776,37.313,36.935,37.945,36.54,39.195
71,2.989333333333333,36.572,38.245,38.307,39.215,37.993,40.384,36.979,39.702,38.504,42.987,37.435,39.683,37.095,38.519,36.998,36.649,34.793,37.233,35.067,39.131,36.073,39.277,35.936,36.179,36.536,38.523,38.466,41.423,30.773,34.388,38.215,40.293,36.577,38.967,37.984,38.227,38.1,39.249,35.003,37.261,36.172,37.995,37.714,38.446,35.353,38.548,38.319,37.859,36.539,38.962
72,2.992,37.166,38.503,37.464,40.956,36.307,38.599,36.14,37.691,39.603,42.536,37.415,39.078,36.439,40.238,36.517,39.89,34.87,37.484,36.147,36.803,35.839,38.249,36.709,38.422,35.827,36.23,37.966,38.845,35.059,38.229,37.112,40.185,38.092,38.218,35.883,37.507,36.246,36.498,36.076,39.237,35.42,36.82,33.164,34.17,36.094,38.981,36.537,38.963,35.437,37.511
73,2.994666666666667,38.164,39.457,37.392,40.014,37.155,38.855,35.291,36.709,38.272,38.292,38.78,41.424,36.603,37.161,38.288,39.671,33.683,35.956,37.086,39.102,36.176,37.9,36.817,37.145,34.701,37.672,37.899,39.54,37.591,38.419,37.995,40.453,37.3,39.946,35.526,37.443,34.643,35.885,35.306,35.938,36.169,37.589,37.809,40.899,35.589,37.715,37.153,39.366,36.253,36.961
74,2.997333333333333,37.15,39.275,37.254,38.543,36.221,37.2,38.36,40.048,37.498,39.098,38.276,41.679,37.581,38.908,37.376,40.052,38.213,36.982,36.682,37.387,38.29,38.098,36.659,37.612,37.263,36.598,36.525,38.144,36.976,38.995,35.444,40.203,32.217,33.082,36.015,38.019,36.951,38.808,35.232,36.787,34.638,36.255,35.872,37.294,36.34,38.499,38.921,38.771,36.244,39.302
75,3.0,38.085,40.909,36.603,37.227,38.349,40.469,36.959,37.779,37.386,40.924,36.396,39.571,37.144,38.953,35.84,36.188,36.484,37.724,38.474,40.397,37.426,36.662,35.358,37.337,35.856,36.479,38.461,38.939,37.811,38.906,38.932,39.461,34.663,34.87,35.771,39.749,35.451,39.929,34.449,36.66,35.09,37.073,37.77,41.064,37.049,39.014,36.923,39.512,35.323,38.362
76,3.002666666666667,36.556,37.519,36.08,38.359,38.384,39.604,35.784,38.881,35.291,37.841,38.405,41.531,37.156,38.648,35.556,37.514,36.396,37.997,36.166,38.328,36.344,36.759,37.628,37.934,36.27,38.358,36.311,38.04,35.228,37.631,36.575,40.021,33.521,35.677,36.492,38.313,36.121,39.328,36.014,35.922,36.232,38.881,37.232,39.632,36.434,38.073,35.788,38.441,32.86,35.861
77,3.005333333333333,38.345,39.296,37.194,39.343,36.804,40.208,38.615,40.326,33.248,40.434,36.622,38.378,38.244,41.221,37.47,40.334,30.417,30.405,36.982,37.226,35.187,37.457,36.879,37.816,37.09,38.069,36.151,39.389,36.141,36.221,35.082,35.987,34.224,35.46,36.799,36.055,36.392,38.206,35.279,36.848,34.783,37.604,36.799,36.994,37.437,38.719,34.682,36.11,35.302,36.765
78,3.008,37.123,38.458,35.753,40.322,38.294,39.75,36.239,38.871,36.801,40.207,36.165,39.246,30.634,31.09,37.586,39.755,39.419,39.732,36.402,37.555,38.404,39.618,37.098,37.139,37.376,39.862,36.247,37.161,35.632,34.877,34.847,37.78,35.846,35.543,35.319,36.493,36.437,38.12,35.746,38.452,34.979,37.055,36.101,34.613,35.825,37.175,35.439,36.872,37.221,40.067
79,3.010666666666667,37.369,40.383,35.651,39.261,36.409,38.886,36.209,38.521,35.626,37.381,37.639,38.667,35.913,39.768,35.191,37.404,36.814,38.307,36.85,37.635,35.427,36.112,37.646,39.523,37.222,39.322,37.551,37.211,35.478,36.656,35.38,35.094,34.185,34.276,37.115,39.009,36.329,38.197,35.969,37.215,36.088,37.294,35.371,37.751,36.926,39.364,36.61,37.334,36.446,39.077
80,3.013333333333333,38.46,39.273,37.279,38.557,36.973,39.016,36.429,38.378,35.288,36.65,37.066,40.601,36.267,37.379,37.14,37.1,34.563,36.565,36.942,37.434,36.919,38.72,37.579,37.761,35.986,36.666,35.965,35.267,36.815,37.331,35.466,38.012,35.814,37.841,36.681,37.799,36.421,38.888,37.072,39.588,36.564,37.36,36.474,37.295,35.266,37.018,35.456,37.746,36.451,37.777
81,3.016,36.357,36.12,36.142,37.699,37.091,39.511,37.04,37.22,35.344,40.582,38.162,41.283,37.075,38.615,36.407,38.734,35.906,37.25,36.726,39.352,36.321,35.405,36.287,37.504,36.477,36.232,35.899,35.834,37.546,38.215,35.525,38.406,35.213,38.318,36.606,37.213,35.016,37.047,36.46,39.12,36.891,38.624,37.369,39.039,34.347,36.654,35.454,38.886,36.253,40.886
82,3.018666666666667,37.295,39.266,36.762,38.859,39.098,39.578,36.686,38.133,36.621,41.59,38.01,39.692,33.068,34.246,36.606,39.755,36.455,37.354,37.622,38.29,37.287,37.734,37.52,39.124,37.439,38.016,33.624,36.211,33.174,33.06,35.94,38.601,38.047,38.997,35.306,37.43,35.567,36.964,36.191,37.699,35.465,37.021,36.718,40.371,35.824,37.617,34.77,36.499,35.157,37.898
83,3.021333333333333,37.371,40.522,37.282,38.284,33.421,36.294,36.395,39.267,32.951,35.821,37.475,36.087,30.86,34.601,36.067,38.023,36.778,38.3,36.796,39.634,34.38,36.701,36.587,38.534,35.556,38.174,36.47,38.101,34.389,34.486,38.109,37.718,35.575,37.301,35.812,38.744,35.465,39.212,36.107,39.173,35.437,37.715,36.271,38.297,35.717,36.94,36.873,39.001,35.915,39.424
84,3.024,36.679,39.711,36.313,37.457,38.136,38.717,38.168,40.888,32.979,34.763,35.058,36.999,34.691,37.42,38.325,38.713,36.321,40.045,36.433,39.623,34.266,35.674,36.603,40.363,36.791,38.829,37.804,39.859,31.565,33.272,36.18,38.26,36.686,39.354,35.265,35.023,36.337,38.383,36.486,38.641,36.256,37.123,35.475,38.05,36.498,37.724,35.972,36.941,35.872,38.427
85,3.026666666666667,39.266,40.513,35.869,37.723,36.614,38.181,36.668,38.37,37.877,38.17,35.399,36.365,37.936,39.253,37.803,39.796,35.37,37.706,38.283,38.633,36.158,38.088,35.913,37.645,36.634,40.004,37.082,39.366,30.815,32.422,35.39,36.958,36.67,36.227,37.27,37.478,36.225,36.858,37.335,41.399,36.806,39.199,36.488,37.387,35.638,39.006,33.207,35.256,33.709,37.575
86,3.029333333333333,38.022,38.94,36.154,38.368,36.485,36.634,36.74,38.695,35.679,41.219,35.893,37.925,38.18,41.117,36.844,37.681,35.918,37.052,37.071,36.331,37.722,39.307,35.983,37.74,37.81,38.791,35.919,38.77,35.099,38.718,34.846,35.297,35.944,37.238,34.135,35.806,35.693,37.33,37.427,37.551,34.821,37.761,36.06,38.018,36.441,37.823,37.228,40.055,35.131,36.673
87,3.032,38.042,38.136,37.421,38.526,37.271,39.599,38.143,41.274,38.869,40.95,35.176,36.662,37.352,39.143,38.092,39.579,36.286,39.238,35.393,37.0,36.618,38.433,38.139,39.105,36.158,39.071,38.796,42.986,36.936,38.781,38.051,39.963,35.977,35.835,34.829,37.857,35.789,36.314,36.252,38.262,35.824,37.931,35.14,38.704,36.619,37.641,35.305,38.887,35.678,38.131
88,3.034666666666667,36.606,39.168,36.371,38.452,39.259,41.372,37.642,41.284,39.466,42.131,37.193,40.596,36.738,38.395,37.569,39.528,35.893,36.722,36.033,38.955,37.282,39.201,35.448,37.384,36.28,36.301,36.002,39.148,36.756,37.368,37.672,39.084,38.838,39.765,36.188,37.499,36.047,38.665,36.819,38.809,36.806,37.553,35.206,37.814,36.949,39.017,37.352,40.19,36.396,37.821
89,3.037333333333333,37.674,37.049,36.178,37.819,36.798,37.639,37.593,38.878,40.512,40.543,37.382,38.208,35.636,38.354,37.383,39.144,38.297,39.883,37.064,37.432,38.282,38.853,37.317,39.035,36.697,38.811,36.258,34.792,36.928,40.22,37.564,38.597,36.749,37.042,36.543,37.855,37.047,37.558,36.429,37.024,37.139,41.184,36.403,40.086,35.101,37.609,35.232,37.383,34.967,37.371
90,3.04,36.841,37.431,35.692,38.925,34.384,37.51,37.002,39.384,36.261,40.406,37.691,38.809,36.441,37.18,32.708,33.225,36.298,38.328,35.36,38.347,36.755,38.34,36.549,37.18,34.723,37.712,35.859,37.58,37.922,40.852,35.686,37.389,37.233,39.755,38.195,39.252,35.209,37.548,36.794,39.81,37.095,40.491,35.44,36.4,37.099,36.612,38.703,41.746,36.328,36.865
91,3.042666666666667,36.975,36.825,37.645,37.546,36.471,39.85,37.237,40.637,35.552,37.76,35.877,38.778,36.444,38.171,37.578,41.665,36.703,39.054,36.736,38.48,38.045,39.317,35.716,38.702,35.92,37.977,34.375,36.398,38.564,40.43,36.255,37.805,37.033,37.447,36.137,38.413,34.503,38.091,36.926,38.847,36.647,38.28,36.115,39.652,36.489,37.566,36.537,38.06,36.844,39.855
92,3.0453333333333332,37.809,38.611,37.985,39.333,40.032,39.297,36.236,38.31,38.163,40.312,37.504,37.917,37.89,40.165,30.837,33.803,37.148,39.403,35.533,38.3,35.09,37.917,36.83,37.198,36.83,37.654,37.641,39.428,36.776,36.015,35.666,37.317,36.559,37.748,35.063,38.813,35.886,36.555,35.69,37.177,36.47,39.654,33.824,37.041,36.4,37.859,35.624,38.676,36.484,38.153
93,3.048,38.142,39.889,37.784,39.4,36.327,37.851,36.865,39.395,32.799,34.885,36.917,38.301,36.741,36.875,33.856,35.106,34.491,35.173,36.475,38.315,38.375,40.1,37.504,37.737,34.91,38.08,35.365,37.567,37.179,39.628,35.549,39.204,33.56,33.427,34.301,34.495,36.004,36.695,34.125,35.339,35.275,37.539,34.807,37.34,36.029,38.218,36.961,38.18,34.614,38.139
94,3.050666666666667,37.131,36.684,37.85,40.613,36.257,38.529,36.847,37.497,32.756,34.92,37.651,40.468,36.521,38.86,38.642,38.954,36.786,38.673,36.017,35.703,38.343,38.651,37.854,40.593,38.202,38.564,36.024,38.634,36.12,38.682,35.568,37.949,37.952,42.582,36.898,40.14,36.039,36.831,35.92,37.69,34.892,37.747,39.312,40.679,36.348,37.249,36.432,37.473,35.263,36.455
95,3.0533333333333332,36.469,38.345,37.024,38.55,38.105,38.187,34.374,36.551,37.767,38.525,37.067,39.02,35.463,36.775,36.735,37.759,34.75,36.629,35.658,36.29,39.036,40.735,36.057,38.43,37.308,38.313,35.791,38.568,36.904,37.362,34.87,38.455,38.023,40.386,35.856,36.71,36.192,36.098,36.664,37.508,35.39,36.659,36.574,38.906,36.181,37.799,37.803,38.691,34.501,34.566
96,3.056,37.956,41.256,37.767,39.136,36.864,39.787,35.928,39.809,40.068,40.776,37.004,38.001,34.845,37.389,36.86,38.379,37.065,36.953,37.306,37.663,36.283,39.591,36.314,38.361,37.578,37.434,32.223,35.483,37.201,40.272,36.745,39.488,35.874,37.561,35.93,38.812,35.024,35.526,37.742,37.521,34.671,38.581,37.989,39.278,35.7,39.095,36.249,37.704,34.934,38.286
97,3.058666666666667,36.504,39.393,38.37,39.349,35.64,37.774,36.639,36.78,37.084,37.913,36.414,36.85,36.304,38.394,36.497,37.833,35.485,39.144,36.619,36.583,35.971,39.141,39.381,40.003,36.497,38.392,36.505,37.045,37.315,38.04,36.335,38.306,36.122,37.896,34.411,38.504,36.175,37.215,36.527,37.379,35.517,37.19,35.811,37.456,36.394,40.305,37.757,36.375,33.331,34.536
98,3.0613333333333332,36.579,37.456,36.306,38.577,35.844,39.011,37.239,39.533,36.563,37.824,36.807,36.628,36.773,38.093,37.508,40.186,35.942,38.86,36.604,38.612,35.013,37.523,39.153,42.473,36.756,36.44,35.752,38.102,36.019,37.369,35.626,36.334,34.704,42.219,34.308,36.048,38.137,40.542,35.998,38.33,36.339,38.151,35.713,36.775,35.872,36.963,35.486,35.564,35.165,37.507
99,3.064,37.703,39.115,37.688,40.022,38.556,38.939,36.516,37.294,33.237,35.186,39.129,41.131,36.925,36.9,38.829,39.492,35.716,37.169,36.368,37.875,37.687,39.992,37.359,40.218,36.771,37.375,40.462,42.451,36.261,39.719,36.108,37.184,35.292,38.229,35.659,38.441,38.188,39.584,37.414,38.562,36.772,38.84,34.552,35.996,34.046,34.616,36.257,36.81,38.222,38.475
100,3.066666666666667,36.419,38.562,36.272,38.198,38.326,39.175,36.239,37.531,34.697,35.111,36.599,35.292,36.19,37.827,37.951,39.968,36.571,37.805,37.47,38.669,36.527,37.826,36.92,38.406,35.878,38.22,37.629,38.948,37.255,37.72,36.424,37.262,36.392,39.093,36.885,39.375,35.735,37.058,35.325,38.774,36.626,38.047,34.931,35.942,34.178,33.497,35.371,36.396,36.773,36.918
101,3.0693333333333332,36.189,36.344,36.477,39.453,35.682,38.143,35.109,37.226,42.367,43.093,35.612,39.2,33.486,35.991,37.322,37.372,37.157,37.301,38.493,40.615,37.077,39.583,37.009,36.873,36.88,39.143,38.563,43.08,37.866,37.693,33.144,33.492,34.752,36.328,38.321,39.537,34.894,37.846,35.139,38.229,36.22,37.878,35.958,37.856,38.721,40.545,35.741,37.261,36.926,40.259
102,3.072,35.814,38.161,38.529,38.353,36.71,36.244,35.639,37.234,37.099,40.594,36.182,37.312,37.168,39.694,38.306,39.26,36.913,37.228,36.783,38.672,36.998,39.358,35.555,37.045,36.186,37.894,36.73,38.895,36.654,38.764,37.783,40.188,37.475,39.413,36.346,37.648,35.552,37.718,36.622,38.105,36.666,38.235,33.023,32.757,34.605,36.259,35.058,37.524,36.257,38.854
103,3.074666666666667,36.06,38.421,37.071,39.585,36.14,36.071,36.594,40.091,38.765,41.294,35.825,37.65,33.855,35.809,35.634,38.621,35.676,38.098,37.349,38.019,37.274,38.675,36.126,39.333,35.953,37.122,36.844,39.724,35.899,38.084,37.042,37.967,40.174,41.041,34.889,37.7,35.188,38.638,36.112,38.818,36.427,36.432,35.837,37.507,35.827,37.05,36.87,37.358,33.196,33.455
104,3.0773333333333333,37.02,36.931,37.394,40.145,35.505,36.82,35.731,37.975,38.548,38.508,37.949,38.325,38.046,40.337,37.178,38.651,37.353,38.015,35.222,38.78,36.384,36.003,36.712,37.134,36.5,38.878,38.064,39.717,36.228,37.987,36.323,38.249,37.476,40.186,35.886,36.982,35.492,37.979,34.253,36.512,34.773,36.712,35.827,35.982,37.237,39.054,36.741,37.026,35.844,37.275
105,3.08,37.68,39.599,38.253,39.016,36.324,36.417,35.764,36.929,38.598,43.323,37.439,39.073,33.731,35.91,36.013,40.078,36.344,38.43,36.335,39.334,37.57,39.77,36.666,38.419,35.393,40.093,37.547,40.324,36.742,39.822,34.43,37.391,35.891,38.699,35.821,36.306,33.894,35.78,36.794,37.285,33.944,36.281,35.703,37.505,35.178,35.683,36.554,36.237,36.16,37.333
106,3.082666666666667,36.824,38.138,37.291,39.431,35.829,38.872,35.496,37.399,38.09,41.036,38.613,39.392,36.081,38.6,36.448,37.932,37.349,39.816,36.119,38.37,36.682,37.773,35.717,38.971,37.593,39.008,38.212,40.304,37.175,39.893,34.002,36.622,37.566,39.233,35.995,36.844,35.244,36.092,36.95,38.064,35.218,38.219,35.799,38.307,36.047,37.151,35.501,36.533,35.408,38.065
107,3.0853333333333333,36.26,38.781,37.23,43.597,37.564,39.229,35.27,36.622,36.262,38.675,36.702,41.305,37.428,38.751,37.085,39.632,37.144,40.169,35.741,36.876,34.917,35.939,36.054,37.095,37.338,39.169,37.291,41.117,36.844,38.656,34.804,37.923,36.228,36.744,36.354,36.855,35.517,37.306,36.882,35.927,35.676,35.257,36.003,37.571,36.048,36.554,35.704,38.617,36.382,38.504
108,3.088,35.858,36.966,35.801,38.558,37.497,39.714,36.393,37.858,39.914,40.511,37.237,37.925,36.622,38.944,37.465,39.584,36.633,37.739,36.091,38.309,37.55,38.922,37.271,38.958,37.235,38.35,37.587,39.119,35.462,37.903,36.445,38.524,36.005,35.795,36.606,39.129,36.467,38.735,36.098,36.205,36.552,35.591,34.794,36.657,35.287,36.769,37.138,37.16,33.905,36.359
109,3.090666666666667,37.656,38.832,36.863,37.787,38.691,41.531,37.802,37.97,37.804,39.329,36.432,40.331,35.849,39.307,37.815,39.324,36.321,37.619,37.573,39.57,36.543,38.724,36.525,38.479,36.359,39.743,35.549,33.964,37.037,39.189,38.024,39.275,37.82,39.126,36.679,38.274,37.654,38.742,37.875,39.515,36.125,37.542,36.033,38.016,35.268,37.337,36.237,36.495,36.237,35.473
110,3.0933333333333333,37.356,40.111,37.197,39.093,35.783,38.54,37.344,40.04,37.822,39.639,35.969,38.878,35.64,34.898,35.903,38.34,37.083,37.373,37.95,39.543,36.101,39.396,34.847,36.904,37.153,38.557,38.562,39.193,35.596,37.688,37.398,39.668,34.927,36.785,37.976,40.14,37.138,38.443,35.222,36.63,35.578,36.647,35.381,37.257,35.306,38.306,34.149,37.611,34.521,38.462
111,3.096,35.688,37.332,36.845,39.27,37.911,39.559,37.34,38.76,36.785,37.705,36.3,38.554,34.279,38.27,36.632,38.487,35.984,39.668,37.352,38.592,36.305,38.239,36.874,38.175,37.131,39.394,36.294,37.773,36.031,38.955,37.231,39.165,38.509,39.689,37.196,38.315,37.206,38.721,34.762,36.323,34.361,37.463,36.067,37.545,35.747,37.454,35.18,37.542,33.667,33.805
112,3.098666666666667,38.669,41.921,36.614,38.937,38.458,39.887,36.326,39.315,40.655,42.011,36.101,38.869,37.561,37.618,37.95,38.551,36.168,37.223,36.728,39.498,37.637,37.398,35.488,37.226,37.854,37.756,33.998,38.858,35.327,37.323,34.644,36.108,34.482,35.935,36.169,37.05,36.59,38.328,36.253,37.812,34.386,35.175,36.17,38.226,36.892,38.214,35.682,38.038,35.273,36.064
113,3.1013333333333333,37.385,38.253,37.293,39.547,37.259,39.164,37.745,40.009,35.202,36.871,36.084,38.998,40.046,41.393,36.639,37.668,36.943,38.434,37.017,39.219,35.888,38.105,37.655,39.224,35.865,39.376,36.181,38.023,36.574,38.457,36.872,38.469,37.514,36.801,36.184,38.436,36.04,39.254,34.54,34.379,36.419,38.149,36.561,37.349,36.356,40.338,34.766,37.364,35.476,36.253
114,3.104,38.263,39.239,37.771,38.221,36.912,39.346,37.518,38.528,38.344,39.315,36.879,41.916,39.233,42.081,35.58,38.218,36.43,38.225,37.019,37.315,35.499,35.63,35.932,38.436,36.719,39.157,38.875,39.946,34.855,37.006,35.798,39.693,36.683,37.559,38.245,40.997,35.462,38.547,34.649,36.445,36.511,39.923,35.54,37.744,38.129,37.355,36.258,38.588,35.488,35.667
115,3.106666666666667,36.829,38.528,37.53,37.147,36.34,38.684,37.288,38.941,36.916,39.399,37.977,40.374,37.292,37.921,36.224,38.586,37.893,39.999,38.54,39.279,36.718,39.946,36.318,36.5,36.486,36.436,36.947,39.624,35.91,37.667,36.704,37.601,36.959,38.644,31.58,32.136,35.753,38.556,37.175,36.866,35.403,39.669,34.616,37.32,36.835,38.455,36.095,35.533,35.184,38.42
116,3.1093333333333333,38.509,41.361,35.968,38.153,37.638,39.242,37.679,39.842,34.88,35.891,37.652,40.527,38.281,37.953,35.911,38.839,37.194,39.67,37.881,40.135,36.901,40.22,37.676,37.392,36.831,38.618,36.975,37.948,36.54,38.154,37.4,39.55,35.889,36.597,34.683,34.519,37.597,40.352,35.914,37.762,36.217,37.476,35.318,37.467,36.648,37.765,35.411,34.646,36.324,38.374
117,3.112,37.485,39.676,35.93,38.964,37.73,40.136,38.135,40.033,38.211,42.043,38.604,39.768,36.524,38.875,35.993,39.351,36.101,38.864,37.218,38.981,36.974,38.281,38.38,41.001,36.475,37.638,36.873,37.496,35.026,36.562,37.423,38.224,36.71,39.586,32.761,35.296,35.308,37.484,37.103,36.962,36.148,39.128,36.725,39.521,35.29,38.245,35.944,39.025,34.785,36.74
118,3.114666666666667,32.003,33.709,37.01,38.838,36.685,37.641,36.522,38.133,38.163,40.986,37.584,39.403,35.933,39.432,35.936,36.951,36.226,37.834,37.034,38.76,37.357,40.035,36.179,37.146,35.667,36.948,36.806,37.54,35.929,37.183,36.504,39.173,37.605,39.148,34.026,36.684,37.123,38.173,35.753,37.554,36.708,39.404,35.04,37.807,36.392,39.017,35.55,36.986,34.625,37.232
119,3.1173333333333333,37.405,38.289,36.72,39.758,37.496,38.891,37.053,39.613,38.245,39.269,36.81,38.943,37.655,39.229,36.577,39.471,35.288,36.628,37.718,37.867,37.705,40.112,36.041,38.902,35.304,38.072,36.538,39.855,36.79,37.904,36.178,37.663,36.297,38.317,36.836,36.597,36.232,38.324,36.586,36.676,36.24,37.223,35.57,37.762,36.086,39.677,34.804,38.288,36.245,37.796
120,3.12,35.33,36.477,36.622,40.072,36.162,38.235,36.582,38.036,35.524,36.776,36.062,37.141,36.302,37.683,36.741,38.294,35.038,36.385,35.538,35.772,37.062,39.279,35.383,38.435,36.87,35.295,36.314,36.474,36.989,40.939,31.369,34.037,37.552,38.655,33.985,34.906,36.113,39.605,35.951,37.015,35.552,37.301,35.325,36.048,35.695,37.469,35.508,36.565,37.396,40.61
121,3.122666666666667,36.029,38.926,37.149,40.114,35.405,37.639,37.822,38.725,39.885,43.352,36.907,39.106,35.866,38.211,36.052,39.825,37.537,37.669,37.992,39.873,35.911,37.352,37.164,39.339,36.672,37.451,36.649,37.4,36.419,38.242,31.998,34.471,38.218,39.882,35.469,36.766,34.844,37.227,37.131,38.292,35.87,37.682,35.185,39.146,36.733,36.702,35.592,35.567,36.922,37.107
122,3.1253333333333333,36.787,38.288,37.215,38.342,37.745,38.767,35.988,37.774,35.065,37.634,35.55,36.958,35.474,37.17,36.726,37.003,37.102,39.07,37.272,39.132,37.25,37.867,36.46,39.227,36.936,39.47,35.492,37.261,35.556,37.826,34.031,36.41,34.613,38.474,36.365,37.583,35.883,36.916,38.137,39.209,36.984,38.458,36.416,36.607,37.16,39.15,36.154,39.096,37.045,38.516
123,3.128,36.926,38.896,37.326,40.378,36.319,39.114,33.194,35.711,35.72,36.817,37.373,37.24,36.572,38.614,34.608,37.484,36.583,38.801,37.401,37.937,37.852,38.821,37.527,37.909,36.601,37.974,36.54,37.564,37.311,39.55,33.745,35.765,35.949,36.925,34.472,34.078,36.063,39.756,36.015,37.972,34.781,37.052,35.991,37.834,37.265,39.703,36.152,36.913,36.141,37.077
124,3.130666666666667,37.805,37.85,36.462,38.634,36.781,37.847,33.639,35.615,39.129,40.155,36.579,38.426,36.317,38.985,36.025,37.064,35.77,37.693,37.128,39.855,37.359,40.416,35.093,37.38,36.328,38.849,32.005,34.872,37.397,39.196,36.793,39.231,36.587,36.734,34.935,37.917,36.865,38.691,34.85,37.743,34.889,38.581,36.402,36.928,36.253,36.667,35.998,37.043,35.581,37.137
125,3.1333333333333333,35.79,39.883,36.372,36.362,37.656,39.122,34.978,37.402,36.935,37.423,34.546,42.268,35.834,37.902,36.297,37.588,35.73,37.159,37.442,40.482,37.181,37.716,37.009,38.65,35.634,37.337,35.337,35.705,36.454,38.466,37.031,37.363,37.169,39.811,34.359,35.916,36.95,40.019,36.096,35.574,35.968,37.714,35.07,37.506,36.669,39.257,35.791,36.927,35.547,37.233
126,3.136,36.532,38.219,36.152,39.231,36.132,39.863,36.453,40.025,36.855,39.702,38.081,38.679,36.075,36.777,36.416,36.664,35.975,36.84,38.541,41.157,37.142,37.933,38.04,39.744,36.464,39.519,35.748,39.181,36.438,37.944,38.619,40.142,35.835,37.829,34.822,36.827,36.902,38.082,36.531,35.711,36.86,38.445,35.237,36.266,37.364,39.438,35.394,37.025,35.589,36.325
127,3.138666666666667,37.61,37.408,35.728,37.104,38.18,39.257,35.591,37.252,37.912,39.976,35.207,35.362,36.091,37.585,36.688,36.32,36.588,35.347,37.729,38.335,36.384,38.4,37.187,38.096,37.448,39.589,35.49,37.877,33.926,35.737,36.496,39.047,36.561,37.85,33.773,36.214,36.979,39.304,36.571,37.713,35.602,37.367,35.8,36.555,36.028,37.52,34.833,37.916,36.051,38.418
128,3.1413333333333333,36.983,39.204,38.993,40.941,34.54,38.172,37.038,35.612,37.378,37.463,32.84,34.81,36.628,37.662,35.735,38.783,34.056,35.998,38.813,40.483,35.896,38.71,36.647,39.614,35.973,39.452,37.166,38.213,36.364,36.93,39.675,41.606,36.131,37.414,38.133,38.519,36.675,39.351,35.892,37.757,38.195,38.56,36.725,38.837,35.749,36.672,36.927,38.602,37.981,40.623
129,3.144,37.487,40.405,37.464,40.348,37.584,39.255,37.211,37.624,35.902,37.445,36.551,36.261,36.061,37.095,34.859,38.132,37.4,38.334,35.392,38.101,36.373,37.214,36.943,41.05,34.911,37.118,36.604,39.798,36.164,37.783,34.726,36.736,37.505,38.758,36.897,38.14,36.18,38.949,37.239,35.616,37.731,39.039,36.766,37.123,35.271,35.954,35.783,36.292,35.035,37.443
130,3.146666666666667,37.777,39.94,36.812,38.193,38.038,39.393,38.262,40.669,34.802,36.783,34.857,37.468,34.864,37.637,36.741,38.682,36.615,38.563,35.381,36.213,35.781,37.097,36.696,38.041,36.471,38.979,36.021,39.885,35.297,34.571,37.188,40.029,35.057,38.027,38.161,38.915,34.729,35.749,36.366,38.335,36.934,39.963,36.75,39.304,35.501,38.841,35.634,36.028,36.948,38.005
131,3.1493333333333333,36.96,40.113,36.922,37.941,35.368,38.314,39.817,43.388,34.333,38.002,36.52,37.063,37.366,39.043,37.134,39.118,38.058,39.121,28.613,32.352,35.758,38.196,36.326,38.192,36.326,39.922,37.251,39.941,35.667,39.855,37.183,38.514,36.095,37.55,35.866,38.693,36.693,36.718,37.642,37.567,36.47,38.737,36.296,37.239,36.235,38.917,36.34,37.367,32.47,36.251
132,3.152,37.041,37.548,37.083,38.509,35.564,37.442,36.638,36.552,34.077,35.757,35.635,35.279,38.379,38.848,37.993,39.898,35.605,37.813,37.908,39.011,37.329,38.742,36.325,38.665,36.442,38.114,36.736,35.279,35.115,36.431,35.148,37.809,37.548,39.862,36.147,37.518,36.827,39.233,36.395,38.276,36.852,37.806,36.5,37.323,36.805,38.132,36.047,39.172,34.155,36.867
133,3.154666666666667,36.76,41.023,36.716,38.16,36.109,38.126,35.245,37.348,34.393,35.124,36.334,39.939,37.258,39.984,38.336,39.988,35.634,38.429,35.899,37.942,37.89,38.902,36.783,38.529,38.0,40.582,36.571,39.696,32.549,33.112,37.437,37.79,36.717,36.448,36.085,38.521,35.851,38.899,36.753,39.004,36.579,38.673,36.203,37.871,36.822,39.687,36.269,38.544,38.287,38.782
134,3.1573333333333333,37.077,39.103,37.082,37.929,38.64,41.782,35.711,34.085,39.404,41.43,35.795,38.258,37.808,39.049,37.428,38.453,35.705,37.309,35.735,35.358,37.848,39.928,37.135,38.364,38.104,37.836,39.002,40.857,38.794,40.944,35.103,36.168,35.833,38.078,36.016,38.02,35.052,38.767,36.935,38.804,33.021,33.897,35.541,37.885,37.059,38.68,35.392,37.536,36.266,39.544
135,3.16,37.838,39.164,37.411,38.499,32.623,36.063,37.901,36.851,35.264,37.479,37.984,40.488,37.845,39.321,35.747,38.973,36.787,36.78,34.063,34.483,37.401,37.918,36.385,39.038,36.655,38.072,36.308,36.144,36.936,36.503,39.727,41.713,35.943,38.389,35.21,36.362,35.956,37.307,36.147,38.998,36.527,37.71,36.517,38.945,35.729,38.445,35.834,37.148,34.387,37.706
136,3.162666666666667,35.918,38.152,37.388,39.376,39.722,41.539,37.727,38.642,36.352,37.884,38.864,41.12,35.954,39.252,35.561,38.069,37.088,38.364,35.813,38.941,37.312,37.536,36.967,37.847,37.667,40.862,36.307,38.169,33.998,36.803,36.575,36.789,36.864,38.694,36.019,37.749,35.761,37.944,35.962,36.967,33.426,36.643,36.908,36.66,35.652,38.419,31.761,31.078,36.198,38.508
137,3.1653333333333333,36.186,36.577,37.53,38.718,38.646,41.663,34.203,36.956,35.544,37.829,38.732,43.35,37.903,37.85,37.468,40.532,36.823,37.653,36.504,38.008,37.265,39.06,36.19,38.335,35.829,38.11,36.16,39.204,36.023,39.446,35.328,35.769,36.444,37.715,34.934,37.959,35.83,37.655,36.316,36.707,37.359,38.42,36.14,37.751,38.872,40.455,34.514,39.015,33.598,35.643
138,3.168,37.866,39.904,39.361,39.446,38.36,39.453,38.184,39.242,36.215,37.004,36.577,38.026,36.059,36.711,37.625,37.397,35.576,35.976,36.912,38.915,38.464,41.65,37.192,40.482,36.303,39.475,36.166,38.063,32.484,32.205,36.939,41.63,35.536,36.143,36.58,38.048,36.471,40.138,36.535,38.929,37.687,39.498,35.999,38.458,36.454,39.314,36.78,40.378,33.382,35.666
139,3.170666666666667,36.832,38.307,38.046,40.369,35.17,35.55,35.941,38.35,37.124,38.598,36.888,38.67,37.046,38.175,35.617,39.624,35.575,37.274,35.478,39.126,37.115,38.321,35.97,38.014,36.2,37.062,34.093,37.397,31.705,34.192,38.208,39.261,35.741,38.375,35.297,36.976,36.364,39.724,37.698,37.447,37.169,39.689,36.07,39.121,37.933,38.814,36.173,39.731,34.704,37.37
140,3.1733333333333333,37.139,38.025,36.038,37.714,34.679,36.717,36.574,38.331,35.839,38.33,40.138,40.725,32.402,32.829,36.791,39.63,37.359,39.933,36.024,38.897,36.989,40.393,36.452,39.949,33.421,34.285,34.584,37.031,37.9,39.448,36.957,38.811,37.729,38.288,36.433,38.156,36.341,38.223,37.119,38.983,36.331,38.378,35.478,36.81,36.908,39.088,37.022,36.959,33.827,34.919
141,3.176,37.355,38.133,36.808,39.655,37.657,37.367,38.583,40.629,37.907,41.396,35.555,35.271,38.7,41.913,37.133,39.052,36.549,38.006,36.301,39.252,36.87,39.699,36.271,39.07,34.209,36.479,35.255,39.053,38.293,39.433,34.208,37.799,37.04,37.742,35.362,37.192,36.272,37.463,38.095,38.273,36.483,36.717,36.704,36.679,35.939,39.05,36.477,38.289,33.213,35.463
142,3.178666666666667,37.099,38.4,35.66,39.091,36.453,39.881,36.872,34.915,37.198,37.739,38.295,36.676,37.017,36.914,37.459,36.792,35.559,37.643,36.012,39.469,37.241,39.978,34.554,35.388,34.676,37.023,36.829,39.246,37.158,37.955,38.534,39.639,35.411,39.761,36.72,37.486,36.827,39.018,35.559,37.872,35.818,36.45,36.165,38.567,36.63,38.226,34.972,35.799,33.884,35.532
143,3.1813333333333333,36.83,39.847,37.051,41.142,41.815,42.565,36.293,39.062,36.302,38.491,36.203,37.412,39.048,41.374,37.958,40.189,38.195,37.99,37.801,38.392,37.371,38.754,36.142,37.424,35.873,37.489,36.198,38.066,36.946,38.309,38.099,38.565,35.795,36.18,36.426,36.56,37.179,38.436,36.207,36.808,35.641,36.949,37.417,37.731,36.544,38.592,35.676,37.542,33.806,34.966
144,3.184,36.257,38.951,32.682,35.386,34.922,37.166,38.794,39.805,37.263,41.1,40.166,41.248,37.513,39.453,36.42,39.75,37.083,40.559,36.855,38.111,34.811,38.58,36.649,37.607,35.439,38.643,34.537,36.111,34.243,36.957,36.941,37.445,36.993,38.563,36.539,38.061,36.743,39.137,37.269,38.623,36.689,39.226,36.26,38.553,36.819,39.764,36.075,37.786,35.385,34.87
145,3.186666666666667,37.081,38.257,32.906,34.659,39.5,39.167,38.21,40.883,39.721,41.698,34.521,34.523,36.028,36.992,36.638,37.948,36.962,38.31,36.641,38.426,34.89,35.994,35.82,35.417,37.687,40.831,37.3,38.103,36.058,37.609,37.193,39.309,36.499,37.398,36.185,37.32,36.429,39.733,35.462,36.659,35.264,38.487,35.749,36.106,33.667,34.925,35.663,38.122,34.566,37.382
146,3.1893333333333334,36.199,38.884,37.957,39.194,38.926,40.236,37.199,39.429,38.352,39.745,36.559,38.813,38.365,40.814,35.767,38.438,36.044,38.342,36.564,39.224,34.41,36.724,35.85,37.948,36.307,37.991,36.97,36.997,38.22,37.755,36.72,38.464,37.064,38.407,34.33,35.746,37.258,38.959,35.573,35.886,35.864,37.772,36.572,38.997,35.484,39.117,36.138,38.478,33.541,35.555
147,3.192,36.434,37.864,39.445,38.518,37.541,40.317,35.134,35.985,37.206,40.844,36.264,36.986,36.263,37.385,37.028,37.988,36.515,37.513,36.314,38.09,38.03,39.03,38.19,38.901,35.256,37.34,38.497,38.244,35.738,37.873,36.143,38.651,36.76,37.606,36.912,38.083,37.784,39.39,35.532,38.688,36.424,37.917,36.858,36.431,36.65,36.164,37.048,37.344,33.738,36.086
148,3.194666666666667,38.009,37.494,35.74,34.584,36.107,38.764,36.448,37.641,38.321,38.586,36.047,39.992,37.541,39.844,37.234,38.607,36.168,38.366,36.603,37.579,37.581,39.627,36.206,37.224,37.197,38.646,35.103,38.583,38.721,40.115,34.275,35.731,38.177,39.974,34.537,36.401,37.676,38.104,35.369,35.59,37.256,39.88,36.215,37.904,36.488,37.928,33.818,36.633,35.054,37.456
149,3.1973333333333334,37.648,39.099,37.035,37.846,38.815,40.143,36.876,39.807,35.44,37.528,37.222,39.78,37.997,39.409,35.634,38.13,37.474,39.607,36.527,37.653,38.455,40.092,34.9,37.564,37.517,38.835,36.245,41.103,35.347,35.266,37.138,39.229,36.814,38.782,36.952,39.282,37.722,38.32,35.869,36.563,34.134,36.428,36.653,37.182,36.629,38.874,33.965,35.418,36.659,39.302
150,3.2,39.804,41.484,38.201,41.678,36.182,39.563,36.842,38.719,35.881,39.291,37.341,37.737,38.354,39.894,36.459,37.085,39.381,41.287,37.072,39.436,36.189,38.653,35.933,36.808,37.561,38.239,38.352,39.497,37.337,39.415,30.397,34.373,37.225,39.485,35.857,36.642,37.107,37.039,35.538,38.734,37.264,38.594,33.815,34.199,36.475,37.123,34.742,36.118,38.629,38.809
