,Frequency,Signal Run 0,Background Run 0,Signal Run 1,Background Run 1,Signal Run 2,Background Run 2,Signal Run 3,Background Run 3,Signal Run 4,Background Run 4,Signal Run 5,Background Run 5,Signal Run 6,Background Run 6,Signal Run 7,Background Run 7,Signal Run 8,Background Run 8,Signal Run 9,Background Run 9,Signal Run 10,Background Run 10,Signal Run 11,Background Run 11,Signal Run 12,Background Run 12
0,3.25,1.0878057765754772,1.0920675236912836,1.0646492141661583,1.0616373723874712,1.0656765783958053,1.0655141784497681,1.0627275330591988,1.062275488554044,1.053001298805411,1.0520486133712217,1.041623305578615,1.0416188551386993,1.0507405155949339,1.05403670675813,1.063559830077756,1.0616119448208048,1.0398736458905162,1.0418894772424807,1.0455919536213012,1.0485120622882345,1.0710222043562994,1.0668122760667869,1.0576919607519442,1.0576931787379003,1.0633145543045601,1.0626854489123463
1,3.2502,1.0934556812872804,1.0907299421297036,1.0710490570881437,1.0704578653664847,1.0654933643983875,1.0671206650983904,1.0670710185788383,1.0709568521088808,1.068509777115525,1.0689164094944317,1.0695018337159319,1.0714910552107073,1.0571485871750606,1.0563727912816503,1.04650447463393,1.046911821868015,1.0442070576294729,1.049503430665426,1.0567666159177596,1.0580253762823775,1.0502655934952068,1.0524828188863262,1.0683972113485658,1.0684727052365932,1.0658062938171067,1.0646249277120778
2,3.2504,1.0876223094525839,1.092711483257568,1.0717620728048183,1.0676770471225305,1.0675344191154317,1.0674367475692441,1.0582722671035774,1.0591730116920355,1.0503433040595591,1.046917617137467,1.0457694244296467,1.0461731206498424,1.0672029303817276,1.0615927505048808,1.051087896582754,1.052343595941088,1.0628365039244998,1.063316503138699,1.0546778055278543,1.0525824213633235,1.0562923983746455,1.0566299540095483,1.0722872135989532,1.070797686975899,1.0705972929762324,1.0673801512321932
3,3.2506,1.0874739814995003,1.0903672589538176,1.0747834076900398,1.0694266749690367,1.065754397469878,1.065464550518905,1.0536458016008685,1.0528176754644933,1.0633420845564412,1.0604999372825419,1.0594945407268128,1.0587568040543653,1.0473454873586867,1.0473299012974635,1.0601160582421487,1.0611070563726173,1.0615775090135264,1.0616024653222917,1.050502110613762,1.0439288273509273,1.0526698168208826,1.052290389555001,1.055586127379393,1.0568559771673678,1.0682126218854349,1.0729839295477563
4,3.2508,1.0812412547558667,1.0828860006930805,1.0714433808396044,1.0694653572025983,1.0640222603115186,1.0596751227469101,1.0511787555948204,1.0577288311951367,1.0550782549916324,1.055114954245843,1.0534688342676024,1.0529666453215403,1.052318092948953,1.054339141214807,1.056020491985803,1.052346107475156,1.0375013277442147,1.041053540742015,1.061051657650384,1.0596611399839049,1.0523730975794974,1.0536229555005174,1.0663905292395777,1.0689102694177035,1.068022646369265,1.0661949164120352
5,3.251,1.0820361814357577,1.091929580537925,1.0758584197175212,1.075479057203037,1.0634857932195783,1.065951873470235,1.0690205880820214,1.0693181041323052,1.0601209035738932,1.0602558774526911,1.0689056313702157,1.0691982290966955,1.0689838246566319,1.0650462024093765,1.0551990146801005,1.0562683299935307,1.0513790228512043,1.048411831197965,1.0599770233940373,1.0598713435682143,1.0494446499253733,1.0511101524143576,1.0591165859954759,1.0558116972062492,1.0685368894832548,1.0656975522327383
6,3.2512,1.0788004738062842,1.0848268869062156,1.0702813498949877,1.067026964818664,1.053985203946764,1.0578181756515677,1.065870180319785,1.0681489680504932,1.0546710621269715,1.0570235313919039,1.061302452378308,1.0642346786011363,1.0558055116182563,1.0516804431349933,1.0555435208440307,1.0508133657593988,1.0621363259856347,1.0639321020956123,1.0435792297953135,1.042147809204907,1.0601384708413062,1.0601177160595474,1.0565069107968341,1.0545413651394249,1.067935020791188,1.0672231103876357
7,3.2514,1.09136059537856,1.0886803325641365,1.0692031201414556,1.0665421261086943,1.071018103218607,1.0704430746644238,1.0578020249716134,1.0599038750220462,1.0500907623369162,1.051458153461407,1.0597649169745178,1.0611515490232846,1.0514962098549077,1.0581246978352783,1.0448120814253228,1.0463806156715418,1.051693405109676,1.0540007883164944,1.0503023073442284,1.048943942738499,1.0492455203138424,1.0487054599971024,1.0511415099160923,1.0494836917948132,1.0691357164506765,1.0692569020323155
8,3.2516,1.0862306808449484,1.08779295447971,1.062664035553264,1.0658546889164573,1.0734252924296968,1.0714540296671122,1.0529188265839358,1.0585047363435052,1.0645677231972057,1.0624474138198596,1.0496308810634063,1.051834801685577,1.0588221287879398,1.0581619283031614,1.0563235376182551,1.06312410433846,1.0505969497826813,1.0493184190362081,1.0619540634511422,1.060712340702531,1.05900567493237,1.0579742633963594,1.044729502468561,1.0448461272647116,1.0749371369933787,1.0674488508270845
9,3.2518,1.0749405333785484,1.0744037355769607,1.0710210427286642,1.0724950446038337,1.0637289302469515,1.065904147558015,1.0614876701427232,1.0605796781771895,1.0626983293544545,1.0679418585465184,1.0650760622357,1.0632706981892552,1.0514356623057086,1.0486300607378467,1.0569389310439914,1.0617335372631869,1.0603264971534974,1.0605057152669264,1.0478246566219882,1.0501804011198714,1.0546767289785757,1.0532633947702275,1.0642874167282947,1.0629963931760338,1.0689526555502928,1.0717088186859216
10,3.252,1.0790306935308511,1.0796467010298287,1.0643299906115524,1.0639971970783848,1.0509000750976412,1.0515764997199064,1.0681141743944065,1.0685781165307064,1.070312218925469,1.0727865323115626,1.0483569566081286,1.0433038464334972,1.0590687677013386,1.052640176081741,1.0489959308989067,1.0518781533761015,1.0463568791152673,1.0439475818782982,1.0497578454929635,1.0469032496887685,1.0543757773095568,1.0544812712392124,1.0716633253600623,1.0675494058791364,1.0665156401791873,1.0674870494269173
11,3.2522,1.087782474383215,1.085974047353091,1.0755655282923027,1.0748430449609265,1.0701279920183107,1.065352126468547,1.0615605681762197,1.0611980403193249,1.0590868354398444,1.0645194978130508,1.0662813872927426,1.0648876163275367,1.0402063908143648,1.0395864820162921,1.049613810711287,1.0500946514691336,1.0462787210570867,1.0499626578059655,1.046953738610802,1.0436105123413395,1.0600049619206942,1.057868273058362,1.0555381216138415,1.058177657853498,1.0700038069558995,1.0676434056124833
12,3.2524,1.0761008749195156,1.068537939681727,1.0577609111393764,1.0624496646557884,1.063038933518905,1.0686439420724778,1.0702636231848532,1.0668735430988785,1.069582308706575,1.0668330012757705,1.070752895244615,1.068113986423098,1.051199507589878,1.0515290535109783,1.0483742574856996,1.047835524113353,1.0490237918785716,1.0483178187191793,1.051438537904112,1.0488404957725468,1.0694194855814942,1.0655529521044607,1.0682741202916082,1.066503658123791,1.0717805598442371,1.0670040560732195
13,3.2526,1.0791204731107185,1.0810634075082788,1.0706771724909545,1.0742201255057746,1.0689584664499425,1.0722748790879262,1.0596872709860123,1.061667748117907,1.0636611375145562,1.0649431512155785,1.05868650191255,1.0625469719437235,1.0559207462776532,1.0576746701043913,1.0317313895419185,1.0350704013855856,1.0546109832774122,1.054574594873059,1.0564555779015514,1.0578501594194132,1.0580498030568808,1.0587818240164633,1.0557960623178826,1.0568569760827151,1.0639864049429573,1.0597177263620219
14,3.2528,1.0811997738646693,1.0842970850916034,1.0703875741752271,1.0645211553007907,1.0621769645156733,1.0675222190286995,1.0639831717777417,1.0687827152315446,1.0675191101792516,1.0657492265429709,1.0555169115528906,1.0549525525884444,1.0519453343524359,1.0522233297368822,1.0552524270255021,1.053154059825969,1.0543226518621747,1.0539617151765648,1.0447623407304099,1.0429829936221218,1.0522836581263066,1.0548636152137745,1.0590524167117867,1.0556735511553845,1.0553808648823848,1.0537890269519579
15,3.253,1.0860161656895606,1.0852118224261804,1.0671483887153919,1.0678026512439587,1.0614366026141244,1.0667400349870793,1.059611889224201,1.0641331381556793,1.0657772438016175,1.0682908134984017,1.0599309396208512,1.057577330285327,1.055093729364716,1.0528492526737387,1.0510676376862755,1.0520283695934805,1.0372876923859413,1.0399996437687302,1.05878286793845,1.0613583136096099,1.0510949391923836,1.0487698642294574,1.0649074360314639,1.0659721262729118,1.0733417231188382,1.0679298651497418
16,3.2532,1.0754865420879995,1.0745190809405862,1.06167349529407,1.0668003954349996,1.0647512848256466,1.0678617764876301,1.0544145729993064,1.051610481871633,1.0528626520859434,1.0525032768282114,1.061836613980196,1.0656078174316725,1.0395791277949387,1.0434960715488477,1.0521290987247978,1.0559934590580102,1.0487803734189758,1.0470655405099372,1.0492973535907535,1.0444029865382438,1.067625474597247,1.0690786788090485,1.0603482529240758,1.0591280182673692,1.068396324329113,1.0663975124391993
17,3.2534,1.0740579162129127,1.0682073170723352,1.067307254729906,1.060844603865394,1.0650824393057914,1.061585930070952,1.0626493235613703,1.063014774674394,1.0712687018036957,1.0686019013298662,1.061869171547394,1.0600787980402822,1.0540896322178779,1.0555376979029063,1.045937458036034,1.042009632202083,1.0354039762939053,1.0353890172292148,1.0485960309773852,1.0500948096803189,1.0518341122498363,1.0480807727333281,1.0617685513037542,1.0637027097418867,1.0664549047649705,1.0632606632989552
18,3.2536,1.0859726111771526,1.0858693705465376,1.069782207490556,1.0661549864541329,1.0690203398910212,1.0637742671075574,1.0645621952105138,1.0649574577748142,1.0627001093709956,1.0634487651355444,1.0600761279358626,1.0628252455259708,1.0446154355976507,1.0499688583922009,1.043187823940163,1.0416645155866646,1.0605322003943631,1.0646076851740858,1.0554226975453231,1.0603821701685818,1.0650815920466055,1.0614485642472886,1.0509009312874913,1.0489339327226654,1.0675361516918231,1.0696344718035007
19,3.2538,1.0777092772520604,1.078029094483848,1.0770633030964947,1.0748352381345478,1.062677094291452,1.0605626424002246,1.0628894010041186,1.0585249579540905,1.0659538538744127,1.0681496521513607,1.052755333476565,1.0541413861978268,1.0521555215718548,1.0530521751331432,1.0565241349122436,1.0564733964618798,1.0536787521515514,1.055953607783999,1.0616600608272024,1.0633609183983275,1.0617681619251182,1.0637020218314073,1.0582340815034506,1.0558618562808255,1.0709456707525775,1.0709099731240752
20,3.254,1.0828119740899065,1.0826394252033216,1.072546158349352,1.071485513854069,1.0635715637315601,1.0665668013232905,1.0615532763893425,1.0617127685607513,1.0706064112334517,1.0657761051375099,1.0594153642345518,1.0608100561272753,1.0563340276021989,1.0528228434874618,1.0550294649562217,1.0570570743060943,1.0518173264151467,1.0522543762677765,1.0442461761330433,1.0455440899599464,1.060045689403914,1.0630479253617355,1.067766998843677,1.0680400867415818,1.070278804012798,1.0724520974879148
21,3.2542,1.084793418583105,1.0872608735094038,1.0608741034760898,1.0665477480110404,1.066976694512408,1.0650222061854349,1.0602892824011854,1.0663332786383684,1.0698278051915877,1.0672202675820448,1.0598314281281636,1.0589825011300076,1.0555038696295742,1.0551942207337506,1.040605820560608,1.042473655408823,1.0494043409986034,1.0471769017464612,1.0680440655469148,1.0656907727340066,1.0620054266803662,1.0606831536584365,1.0655834868553618,1.0654134832891378,1.0651590546437277,1.0685119029755001
22,3.2544,1.0840754030586586,1.0810695450195988,1.0655065295564659,1.0610873348875494,1.0675221419397443,1.0708721332126518,1.068504188267148,1.0637552272164077,1.059208961769984,1.0614979158808713,1.0639569973573768,1.0649773686881294,1.0442430072669677,1.0399097040240055,1.0525436475382752,1.0526009309182682,1.0398470802871989,1.0360972078255974,1.0541668880467345,1.048675506744311,1.05235971231918,1.0539876072409555,1.0599144950850297,1.0612611789893698,1.066622926741125,1.0671815555151865
23,3.2546,1.0769251913518854,1.0765129863559637,1.0766971186176713,1.0772309335207535,1.0527858490221698,1.0507844318312074,1.062080172522581,1.0615794189155168,1.0510983448852067,1.0580248317899583,1.0648284895438431,1.0635185393942899,1.0614834040694718,1.0648776837905845,1.0573748266998209,1.0604733702320508,1.0433903436932654,1.0471460437408158,1.0658740514065277,1.066883675475156,1.0619781735220157,1.0635981205589453,1.0558636680233937,1.0587698627822877,1.0658625603733793,1.0650565622572359
24,3.2548,1.0785870815973149,1.0802607060314446,1.0686966656057701,1.0646333008987012,1.069881245744434,1.0661259227483995,1.0435869468423746,1.0433015026791588,1.0540684570551513,1.0536563139394186,1.0621796027819004,1.0619840030916385,1.0641662134225265,1.063350862242085,1.0550825015507628,1.054324604280306,1.0607602836184011,1.062948118835696,1.0648747477310951,1.0664229663173217,1.0537382990254425,1.053993011836653,1.070595667136649,1.0726848967732217,1.0698961586531313,1.0724910317317855
25,3.255,1.0858166141745074,1.085227658985741,1.0739445205183948,1.0730016686269142,1.0619673398136462,1.0596760110747714,1.0656183597622344,1.0657124038462464,1.0612842144326897,1.0598700189130115,1.048152160399088,1.046490749328939,1.0485374047912555,1.045697115480623,1.0458380416478015,1.0446880536373073,1.0520867459597651,1.0540466375801298,1.0438485730254126,1.0467625737172606,1.056536519867108,1.0525225181762734,1.0601091896216062,1.0565174828162425,1.071901683581419,1.0681327275923604
26,3.2552,1.087766981902964,1.087116601009321,1.0633988236012701,1.0642117117535235,1.0685742924649217,1.066292131131154,1.0720871666105052,1.0708374925242201,1.050143690551387,1.052590638675543,1.066073668267758,1.0651045964827124,1.0581285576303467,1.0594901858965013,1.0578669125778168,1.0572465060683094,1.053953030270223,1.0541457254212778,1.0603127052111518,1.0568658451265425,1.0597797490064385,1.060723722707452,1.069076542024705,1.0621654365117468,1.0673599768079216,1.070107707993793
27,3.2554,1.073961780186369,1.0777061562707733,1.0600664797752162,1.0621564133581145,1.0642874963873632,1.0591729178673763,1.0666993060184913,1.0706653483612811,1.0571329246720098,1.0596167903497513,1.0589395839893616,1.058015633201953,1.0472874098559768,1.041815984735784,1.0614886186979782,1.0583907933646202,1.0434267141311875,1.0461966193742853,1.0579795413732636,1.0570789980461333,1.0522752715092032,1.050077100906312,1.0544741325706621,1.0602131195505837,1.0720903996265576,1.0698207937409263
28,3.2556,1.0767682715914724,1.0740567593159822,1.07162233019936,1.0732130746636892,1.0590105642694068,1.0571617850703803,1.0601540746915772,1.0609390208926746,1.0598541523267833,1.0569020153220507,1.0536491593373578,1.0536396641739179,1.0458677164384527,1.0466841771462827,1.0442951345849476,1.0427467285500893,1.0420635861380099,1.0440586326931913,1.0532395160126424,1.0508996187061526,1.058946830217095,1.0598623968153598,1.0718993098694674,1.0662340198725584,1.067524690668568,1.063690091555221
29,3.2558,1.0768870705103861,1.073389471491557,1.0590830735989727,1.0604896019142502,1.0638536781615568,1.0700103027592114,1.0761653194208505,1.0776505388127176,1.0696585325520156,1.0691229554240544,1.0565156059953398,1.0547079457545583,1.0558093532096782,1.0534318671357983,1.0410583522310712,1.038745475018715,1.0529824794107518,1.0558412439051188,1.0465370513777548,1.0508615621393729,1.0473764371355747,1.0514262174132438,1.065865056801587,1.0660554866217047,1.0730138843860277,1.070270152921794
30,3.2560000000000002,1.0710456362575147,1.0721036739678094,1.0705116333664209,1.0667772046153918,1.0650691182279242,1.0650813776934624,1.050210891645985,1.049187553364713,1.0617676951933375,1.061919271543871,1.0519545637725203,1.0543191842232027,1.0551594291373119,1.0542705373530037,1.0430126674773745,1.0475698335327996,1.0558128515393344,1.0562218077925634,1.049614995971377,1.0534962243376436,1.0557820551811448,1.0539866540559402,1.0643706074510089,1.0629194177826995,1.0699673760583348,1.0761075075608848
31,3.2562,1.0709542183322474,1.0749357057102327,1.0699069823378098,1.0720393603712128,1.0519239752797176,1.0516999993456748,1.062798026747422,1.0645521376404907,1.061810312981012,1.0639220000855965,1.0669996329791074,1.0693341240038825,1.0378527995268458,1.0408291895244064,1.047290484055231,1.0480041846573174,1.0691795635691137,1.0634589276394988,1.0562878516468184,1.0574589053791923,1.0553996947133928,1.0553577159116612,1.0644681026089646,1.0601594887887393,1.0705313930597506,1.0765900040269412
32,3.2564,1.0780784612414325,1.0755827710295598,1.0715853828220472,1.0674534879375928,1.0629434681578755,1.063987967243601,1.06956800345618,1.0702813938614968,1.060419852983101,1.0541709637910501,1.0584955365125304,1.059917882953805,1.0636527339769306,1.062567789438395,1.0477657351603593,1.0467439267022525,1.050212543472527,1.0487084271253002,1.0662834752148185,1.0663507832500971,1.0597759894895356,1.0571080619238078,1.060340769972523,1.058759755967401,1.0773328169298555,1.075463971220487
33,3.2566,1.0767020273432142,1.0779833039913265,1.0616746201295337,1.0617249034937617,1.0707313478580003,1.0674964541291905,1.0608304968520523,1.0570343688486588,1.058825224968909,1.0623166077240742,1.057551345809136,1.059222765192691,1.0557053267055423,1.0495408648238242,1.039783909384833,1.033507204529151,1.0384734730430434,1.0361728395989531,1.038605045376354,1.044093413400885,1.0588231146671623,1.059622024166096,1.0586276394829048,1.054406528273577,1.069968637280685,1.07091954421245
34,3.2568,1.069066893808742,1.073557083268198,1.0584959271383185,1.059555278858848,1.0718643147169469,1.073529063211398,1.0491519748897673,1.0480895648655024,1.0578003575759432,1.0569946871702751,1.0447672017672485,1.0496514184839378,1.0465899914556365,1.0389846586678155,1.0471547738902514,1.0503030577012011,1.0553016834658444,1.0505890941400324,1.0465407520917036,1.0461140398668378,1.052243522999069,1.050140407344204,1.0608511917601091,1.0660628452812453,1.0756494053651013,1.0769897314740462
35,3.257,1.0770160327029472,1.0777372328634258,1.0678398800668296,1.0702170704019152,1.0648783116827785,1.0645524036325917,1.0536969023088616,1.057374081704835,1.0547582663575414,1.0569643881195088,1.0654600643732175,1.0607887220692163,1.042145858093945,1.0480838162855863,1.0504531016946712,1.054700355850092,1.0616910282894256,1.0623335057625882,1.0558499567240989,1.054048652672453,1.0639332734115694,1.0630924668396966,1.0539983382314329,1.0546472622412602,1.0539983382314329,1.0546472622412602
36,3.2572,1.0774924392296847,1.078032937786007,1.0627743885912975,1.0595355239832256,1.0587465014311255,1.0566659394956466,1.056220514324565,1.053738757953319,1.0611521905163799,1.0634276347495304,1.0684967666417458,1.066904508238592,1.0539949932865664,1.0565916149220969,1.056536360794771,1.0536980062232169,1.0454298842251688,1.0429509207196492,1.0506021656970406,1.0539887770277496,1.0584355371368568,1.06312765023536,1.0672067294909864,1.0635910660649985,1.0672067294909864,1.0635910660649985
37,3.2574,1.0816113048692801,1.0822978824889429,1.079437412630431,1.079430325542081,1.0684315866316592,1.0661092720181056,1.0577655624022693,1.0594929991919162,1.0515834639772585,1.056690501162949,1.0570630097265152,1.0583061677108991,1.0595190754400852,1.055903304465399,1.050124606268431,1.0442622168748832,1.0455060138800782,1.0440135789509806,1.0603664890929472,1.060683744095071,1.0614189866842614,1.063581974536056,1.0566699162665738,1.0541784149174507,1.0566699162665738,1.0541784149174507
38,3.2576,1.0749219933604235,1.073522353871297,1.0724209126794484,1.0701156086550976,1.0577302534753719,1.0550559863823943,1.073303435001737,1.0742314784612133,1.0712081255187047,1.075473464114304,1.0492234694101226,1.0488819616914151,1.0483155539194937,1.050974218903743,1.0476031338290628,1.0513106563600803,1.0591193168464326,1.0547220952374474,1.0629921568501361,1.0600471421115416,1.0536538615272069,1.0537464857901109,1.0549870974019449,1.052169468192007,1.0549870974019449,1.052169468192007
39,3.2578,1.0777610790539687,1.077842678990861,1.0754466217546361,1.076316288858463,1.0702295924702234,1.0703177037870257,1.0744010760069085,1.0688195386235804,1.0669639649399354,1.0644669020534363,1.0566790073644172,1.0576834793531855,1.0632381547368022,1.0632877399612066,1.055695819449899,1.0580297658967823,1.0487324140662004,1.0472759302613535,1.0456983813796294,1.0417039023345116,1.053840934872557,1.0545151756968334,1.0638884850972272,1.062791969666297,1.0638884850972272,1.062791969666297
40,3.258,1.0783467578113506,1.0811779743974335,1.0569484309411683,1.0601524951643486,1.0558078570723124,1.055050410886333,1.055258316712896,1.061559759316854,1.049162235466571,1.0455889244730585,1.050548805070969,1.05000340467927,1.0639240116889859,1.0636901030345518,1.0505574085177682,1.0525033085521074,1.0437733610555142,1.042662913218649,1.0514880432644247,1.0523628032953334,1.0596740116156445,1.0581058503092655,1.0599526647383786,1.0576933517057074,1.0599526647383786,1.0576933517057074
41,3.2582,1.0767476254899913,1.0814663364849095,1.07937989995551,1.0830532951411285,1.0679312698697907,1.0666852970335614,1.0570379584518097,1.061972243026353,1.0568015212609343,1.0577243182784994,1.0696851114334107,1.070805867038362,1.0520435810155218,1.052491814334473,1.0626218511329442,1.0591968695673784,1.061536424725563,1.0621295198350214,1.0664842459679686,1.0659681739153308,1.0560841629203903,1.0524976564535966,1.0650591682547732,1.0637842440838032,1.0650591682547732,1.0637842440838032
42,3.2584,1.0782807446336309,1.0751992202688831,1.0685178689629036,1.0632725590402845,1.0736998500694317,1.073288487215503,1.0641209886478908,1.0589813454543735,1.057749041096325,1.0619885807602771,1.0629959685707306,1.065379872792733,1.053845837203506,1.0503200175943253,1.0559176538871253,1.0571610314343138,1.0612913968851045,1.0624186151338082,1.060436763827494,1.0620275067089036,1.055366147294826,1.0578046502540344,1.0589060103774934,1.0584561046967784,1.0589060103774934,1.0584561046967784
43,3.2586,1.0731894944631872,1.073229022978103,1.0721530844917448,1.0730230820973383,1.0648068322526516,1.0651708753022644,1.0537864486963084,1.0532083636830332,1.0620079897038257,1.0652298159412739,1.0492278249851443,1.0479474197582404,1.0423736928148177,1.037720715502201,1.0637511825825048,1.0626400306531252,1.0544897977249814,1.0504245567232262,1.0482417344443498,1.0514603726798049,1.0574694639474276,1.057323760433575,1.068706955752854,1.0667854626798277,1.068706955752854,1.0667854626798277
44,3.2588,1.0719866137615293,1.0745911177855885,1.0717365379384591,1.0691903729834975,1.0624666254217063,1.063349287588066,1.0669272795807794,1.0670677547320688,1.06672865237744,1.0669836108199844,1.0621063111556885,1.06604902256523,1.061433758119706,1.0612647680630851,1.048376896941382,1.0491024221594554,1.0545767183003547,1.0556734547871296,1.0496682673752906,1.0540052380319513,1.0571596280250448,1.052881908767692,1.0573948797293926,1.060540930976029,1.0573948797293926,1.060540930976029
45,3.259,1.075538073979739,1.0787223408437503,1.0655310623022294,1.0630693414751595,1.062580253431337,1.0588564903800224,1.0613357346099697,1.0628336173317086,1.062539335826231,1.0653535127853313,1.061087611744881,1.0581798742622845,1.037053110927604,1.0350981838734203,1.053804435153033,1.0540203075175496,1.058175125940231,1.0594284644821363,1.0592972393428879,1.0597254845630062,1.0427881142424504,1.044889525642255,1.0679676095382993,1.0664611366896284,1.0679676095382993,1.0664611366896284
46,3.2592,1.0773439212196263,1.0817572901910322,1.062045676480437,1.064323649868304,1.0666656711762208,1.068151810121052,1.0780060552363193,1.0781578673195635,1.0530292374821437,1.0566962819057475,1.0457777623351772,1.0507499798913413,1.0611175946869082,1.0629716086172045,1.0409107072923895,1.0428653570671902,1.052859951438662,1.0536895596953597,1.057298099062201,1.0589550898481874,1.0571553017500075,1.0569309215015925,1.0673029728473777,1.0642390837743512,1.0673029728473777,1.0642390837743512
47,3.2594,1.0771331914314672,1.0779774199430117,1.0753309780759908,1.077870143532379,1.05435208991823,1.0535665179422233,1.0740959687925857,1.074192449326735,1.057369597544813,1.0600597009672004,1.0588910481710914,1.0601302562500956,1.0471657358530813,1.0511780356729037,1.0492366488217948,1.055936692239936,1.0493084096032905,1.04285787258998,1.0558394161339053,1.0536208475875763,1.0584419081169112,1.059314575492553,1.0671484783469862,1.0661241258820944,1.0671484783469862,1.0661241258820944
48,3.2596,1.0729471395913843,1.065582600619693,1.0565883710712198,1.0546529022004463,1.0619309695652759,1.0589932451899216,1.0512288229572746,1.047653140743745,1.0549180412846888,1.049038958312046,1.058401460553823,1.0668742293620306,1.0452140899174582,1.0468975012152666,1.048340277348224,1.0457970654728077,1.0510875653294,1.0550609301156364,1.0579959389367746,1.0601193552476804,1.065852625762629,1.0679347343877235,1.0689553084685957,1.0685355612308527,1.0689553084685957,1.0685355612308527
49,3.2598,1.0731129091017542,1.0795747051880817,1.063005936328312,1.0633900005666084,1.0697174694005205,1.0688168180522635,1.0712223505104028,1.0688938244651767,1.047454820939125,1.0513021264504359,1.0500649956239607,1.0505103566484235,1.0564350395764297,1.057690865426548,1.0582025164159818,1.0593246613210299,1.0548582275878804,1.054425219641212,1.0502440589542508,1.0513053141308453,1.0624535048112245,1.0650279030174434,1.0748241816860078,1.0725883867982338,1.0748241816860078,1.0725883867982338
50,3.26,1.0795256218959002,1.079907232965679,1.0732290501210633,1.0708996968422786,1.0635344996769054,1.0588447612354484,1.0633153189450675,1.062927726778039,1.053803875885691,1.0507034268369628,1.0723233510513643,1.0716568253983731,1.0496353771413898,1.047714449320486,1.0543882253428971,1.0506070225292075,1.0620455781254476,1.0634171862078867,1.06828417407689,1.0706941292052647,1.053746171171447,1.0518676105578844,1.063820430017889,1.0611634337979912,1.063820430017889,1.0611634337979912
51,3.2602,1.0778649320070164,1.0749936748660296,1.0764718302761411,1.0756191377566422,1.0617709103783837,1.0605809108929636,1.062897803971978,1.0670684878885461,1.0589193324014612,1.0584774048602617,1.0565592573377929,1.055144283337162,1.0494562679200874,1.042715182939203,1.0534519488458371,1.0524900795372873,1.0429314755841752,1.0465665210457955,1.051721610419141,1.053557662441388,1.0561836416444865,1.0593985018978458,1.0648372857504063,1.0661446761424156,1.0648372857504063,1.0661446761424156
52,3.2604,1.078675224470245,1.078518073909746,1.0698109080834237,1.0678781413306113,1.0591455571232005,1.0615488100066133,1.0591524120555573,1.0600006056539608,1.0649355625203676,1.0637869793549664,1.0595484674457951,1.063634255764485,1.0641104484940391,1.0598674389514984,1.0645488110645158,1.0606158610302703,1.04672420361295,1.0465529812837984,1.0600278886797088,1.0559383478363629,1.0575519709087953,1.0618084519311464,1.0489755692267408,1.0517184719069317,1.0489755692267408,1.0517184719069317
53,3.2606,1.0684643515381564,1.0668636931118296,1.0632020326981149,1.0653044636988604,1.0746483509573568,1.0744052764942258,1.0538115918365394,1.0589213593199467,1.0572394480036464,1.061054161629672,1.064385473566341,1.0682048434397904,1.0439745704569476,1.044589698278185,1.0526472158269249,1.0552753682054417,1.0538398106244908,1.0451630541271675,1.053814869563399,1.0490030213810217,1.0628974466464047,1.0610087473388614,1.0508158223440085,1.0507650513356663,1.0508158223440085,1.0507650513356663
54,3.2608,1.0722151310747448,1.0704357380058105,1.0633578438005549,1.063775017563715,1.0717212032370125,1.0694239411170634,1.0628852002424956,1.0650755212445155,1.0495684770033735,1.0535027097529122,1.0463613314310882,1.04169968608727,1.0505670300710945,1.0488049229407534,1.046841672092245,1.0454571492002742,1.0461674173209319,1.0506952741425892,1.060253300832768,1.0609510273143343,1.0518510737537357,1.057343749636128,1.0557204024973008,1.0584411623502799,1.0557204024973008,1.0584411623502799
55,3.261,1.0792259962956423,1.0854364864979633,1.0688662635056303,1.066259648638191,1.0725103788791404,1.0758664763929093,1.0723919876805337,1.071381786950249,1.0657578946132864,1.0651615358168802,1.0513261919511125,1.0487551057482092,1.0449606123620196,1.0443004599083248,1.0575656013780295,1.0563052809317346,1.0481830299951425,1.0549096225859442,1.0553037893466357,1.0537053187019692,1.0617851856541924,1.0626727522748112,1.0607193996226518,1.0630276272118244,1.0607193996226518,1.0630276272118244
56,3.2612,1.073263973213433,1.0707550707146036,1.0766109771200199,1.0753695825760998,1.0654597401795465,1.0654348933571465,1.0662361906446998,1.072964923430271,1.0627268451880019,1.0643230223610163,1.0560488057640662,1.0566995103343355,1.0485130137031242,1.0447687778317216,1.050569291095919,1.0548197611015806,1.054529134905205,1.0525256390166646,1.050421962556599,1.0529290989172155,1.0550456768772376,1.0564588877192511,1.0674894544647253,1.0631420666652485,1.0674894544647253,1.0631420666652485
57,3.2614,1.0774254104374126,1.0790370333770207,1.0631749706868825,1.061133729611363,1.0652217544775824,1.0673077071847383,1.0617953348630453,1.0673230756101633,1.052793640837216,1.0532466830046026,1.0483354041327044,1.0460360803860609,1.0620644253847142,1.0638456476144031,1.0458898762807234,1.048283745032778,1.0501271173401805,1.0522056786512155,1.0474204616089027,1.0455234742347082,1.0538408559889016,1.051848324459128,1.073128460615723,1.067261824629799,1.073128460615723,1.067261824629799
58,3.2616,1.082097239742547,1.0820523872325678,1.0657097983907369,1.0695084096848781,1.063929870739559,1.067619058755075,1.0617728944592912,1.06463749934774,1.0557305688152119,1.0587986752991856,1.058353734584307,1.0635179899066571,1.0442707273118106,1.0449985308225984,1.054732697981847,1.0501645816150735,1.067926848541282,1.0605362779335172,1.0625887922549095,1.0619682432366475,1.0729380289741857,1.068739611321242,1.0701524484927925,1.0680867667740277,1.0701524484927925,1.0680867667740277
59,3.2618,1.075454570691049,1.076950848787836,1.058994339908627,1.0610597091219423,1.0699896866987013,1.0752970090543674,1.0678582434940516,1.0679739961580064,1.0633121793834743,1.0614998656365533,1.0539563736929098,1.0527819612799754,1.0514055123885997,1.0489810644607145,1.0408434303359815,1.043251196740066,1.0550936814963296,1.0606195131026133,1.0538084847393119,1.054099331798038,1.0607382769903528,1.057064303998321,1.0744854526675405,1.0708932926317787,1.0744854526675405,1.0708932926317787
60,3.262,1.0825055097200689,1.081864126855423,1.0602323141654717,1.0605801940216744,1.065450589859684,1.0632416716213662,1.0600765682349367,1.059979555192543,1.0638800698665523,1.0660319065100652,1.0695193264042795,1.0658957283833392,1.0556358027242774,1.0567611037164337,1.0571394349080947,1.0537211384691074,1.0624014841620475,1.0601979072790155,1.063671644893875,1.0604950784631444,1.057142279251033,1.0548577309819203,1.0732081554299102,1.0748757465058953,1.0732081554299102,1.0748757465058953
61,3.2622,1.0723745337638693,1.0701284151477057,1.0659670376434096,1.070862981390714,1.063033685653913,1.0601468922859307,1.0503741466940089,1.0498383799885316,1.0495910552584227,1.0570441583890038,1.0604322076760626,1.0574468231595013,1.0544614688394305,1.0498762518833844,1.0600430173186797,1.0589934759083313,1.0616717901159356,1.0566264840380117,1.0532295988217106,1.051131419416558,1.0551033801411154,1.05958355808802,1.0648113926435716,1.0715510862268922,1.0648113926435716,1.0715510862268922
62,3.2624,1.0695909643083492,1.0652587075503637,1.07234877940805,1.0703181268913455,1.0720689096877134,1.0722988677735377,1.0623512614009316,1.06131116879132,1.0598838265983705,1.060270934080418,1.0421734847949513,1.0463734030291774,1.0413139665123397,1.0382939431596443,1.0579663295540007,1.058715576988323,1.063720526234208,1.055472809974254,1.0601535727232188,1.0605255479192908,1.0587255099001016,1.0585963280489397,1.0623890255300084,1.0614413816144554,1.0623890255300084,1.0614413816144554
63,3.2626,1.0708921854624218,1.062974221932048,1.0661284848292427,1.066172069970893,1.0633287487369205,1.0580827548513723,1.0663537554995917,1.0698415636347864,1.0567336348002425,1.0542628062164816,1.0465380662329977,1.0409660720348597,1.06740507315377,1.062715676920797,1.0583391820521888,1.058963415571659,1.053478733589416,1.0528311997102728,1.0541213629125412,1.0576742941393624,1.076388200623435,1.0736653500452928,1.0695089101065893,1.0659614610034398,1.0695089101065893,1.0659614610034398
64,3.2628,1.0753083350538168,1.0701381286865341,1.0715146535088802,1.070927554733431,1.0655020776539283,1.062783473385892,1.0593923306907735,1.060333274179867,1.0527859119188054,1.0520756444575916,1.0605758347314278,1.0594796781951303,1.040800501387072,1.0371591179549728,1.0506215789687556,1.0583772240481006,1.0484580421166523,1.0493209790032587,1.0539153194844533,1.0573024466327217,1.0629624723098854,1.0623610512909458,1.0638049051429876,1.0613012515548041,1.0638049051429876,1.0613012515548041
65,3.263,1.0695090078908238,1.067040943914308,1.0574264449582265,1.0544691848560683,1.0594954647375958,1.0653455666472238,1.0605379336942573,1.0651048001688068,1.0582801817096916,1.0589779569912328,1.0674739632606387,1.0699135876867905,1.045576224837065,1.052949729833454,1.0600751275458091,1.0597047580648802,1.0441718417394685,1.0464379316093528,1.0528491415404395,1.0472925454784427,1.058379693316065,1.0576403634739213,1.062810897778509,1.0622171152447617,1.062810897778509,1.0622171152447617
66,3.2632,1.0664332000104084,1.0665394731321027,1.0669698555708076,1.0723987077307409,1.0440620088648789,1.0445988711093075,1.0585779952392942,1.059949632886097,1.0544474938106394,1.054121350998051,1.0633015274826567,1.0616696523261973,1.0526164665087867,1.0519678074239458,1.0583303575145764,1.057473245053891,1.0450303427910963,1.0442625428439218,1.0577491455471084,1.0646037164100872,1.0561410067638821,1.0549051094173418,1.060309775275483,1.0565093329771935,1.060309775275483,1.0565093329771935
67,3.2634,1.069880358668414,1.0762363487745978,1.0630715586752884,1.0644302482412447,1.0682029728566327,1.061371012524071,1.070162926168811,1.0690367354142853,1.058852304263479,1.058555909815762,1.056407977043364,1.0598882436574881,1.0509911963040006,1.0536128027835077,1.0520519040692693,1.0487288996221198,1.0408512878548335,1.0437841679766588,1.0425110109576177,1.0427705915506666,1.064333659077541,1.0657551950826973,1.0657630965464613,1.064868018313054,1.0657630965464613,1.064868018313054
68,3.2636,1.0715420148051955,1.0774056239701306,1.066468818406968,1.0652513474165939,1.0663483182363267,1.0604288814681002,1.0575511117693503,1.063529765689436,1.0629330046742265,1.0692373184036685,1.0635677470370515,1.0648290829811284,1.068281365064725,1.0678134062433078,1.0489211890738672,1.0498537288918124,1.0518026435180388,1.0518638937702791,1.0462736585170853,1.0489406015172127,1.060946453533026,1.0598687519927172,1.0698437490059138,1.0644482389937093,1.0698437490059138,1.0644482389937093
69,3.2638,1.074850512464675,1.07306395292766,1.0586557666447365,1.056807488544942,1.0641996362387107,1.0701455447104602,1.0693458995512046,1.064007689026374,1.0539615756849845,1.058308807749086,1.0543030378581033,1.0527312369850166,1.0479898650489257,1.0554677971729278,1.0504314419077427,1.049611107789951,1.0541526934282897,1.0546954723751194,1.063794876920392,1.058841665784761,1.054920100198868,1.0577374663991614,1.062540100385504,1.0700699098190818,1.062540100385504,1.0700699098190818
70,3.2640000000000002,1.0712641153126277,1.0774971370895698,1.0741988206519542,1.0686693688765347,1.0664732549177158,1.0609946636641165,1.0613898919248974,1.0586709307349227,1.0692353675474204,1.0718493982136164,1.0721506450159222,1.0694960233039446,1.0554029104246547,1.0558074945263498,1.0467759419117266,1.0461956381837545,1.0557623616164677,1.0552020323778795,1.0503561543215822,1.050732893899976,1.0607768856500108,1.0605031866582104,1.054686991804299,1.054049388518391,1.054686991804299,1.054049388518391
71,3.2642,1.075908536651064,1.079082997672619,1.071156249580756,1.0700486434212804,1.0660825373593585,1.0692412826905944,1.0634744221613677,1.0655201608777576,1.062739809705928,1.0620314616964437,1.0446546513710109,1.0477097349628415,1.0584513566636342,1.0540947691644493,1.0477848009237851,1.0484211557820553,1.0544528483147573,1.0483829256743085,1.0664671298706447,1.0645243836751555,1.062613605950025,1.0621094193381877,1.0617160968503065,1.0679524013026938,1.0617160968503065,1.0679524013026938
72,3.2644,1.071026162137287,1.0723047412383728,1.064810612213194,1.0664129122485986,1.0645277143734793,1.0599947191010208,1.0719906846798075,1.0718356090977734,1.0455727165855637,1.0482098774318434,1.061957312500919,1.0617049430969585,1.049094646072717,1.0505378070564821,1.0494524111663253,1.047752649171435,1.0509080978066296,1.047360729032679,1.051020759448161,1.0529237589727485,1.0617358825553105,1.0617230925784003,1.0744049020036455,1.080223282620817,1.0744049020036455,1.080223282620817
73,3.2646,1.084308827673695,1.0847276215715231,1.0680607182082054,1.0690417319804997,1.0637770472989478,1.0607778256282163,1.0671043591921248,1.066451624048335,1.0545182661038406,1.05238633998464,1.0609696419490577,1.057371971917588,1.0547155504321077,1.053273357920442,1.056326439899066,1.0510271591790725,1.0486295455940942,1.0501597411751082,1.0550450515950685,1.056969446842589,1.0562943518522996,1.0556860746615628,1.0685755254986085,1.0719630584762074,1.0685755254986085,1.0719630584762074
74,3.2648,1.0722347941955959,1.0716894714962755,1.061642667259814,1.0595735834323747,1.0656600883368406,1.0626757813319954,1.0610775257385743,1.0540965661223511,1.054400095242285,1.054099815516601,1.059802865376169,1.0621433071637996,1.0512389883249007,1.0563595796081935,1.0406126301931646,1.0452327361291158,1.0488485877375344,1.0562506836166132,1.0609193424859202,1.0623449996651415,1.0474934589635199,1.051183113368929,1.0642228601626467,1.0641201939053198,1.0642228601626467,1.0641201939053198
75,3.265,1.0728601055171305,1.0757628268707717,1.0626894919400358,1.062246318994381,1.058553540015775,1.0582072691198934,1.0525166956880918,1.0577894714304792,1.060135158159174,1.0617421106896776,1.0631347064096957,1.063746214492812,1.0437871948421178,1.0427711997994253,1.0472210227737686,1.0452342524237241,1.0457746254790772,1.0482938324428523,1.059006641371899,1.0567359752585008,1.059481443502344,1.0607045662040497,1.077346075853486,1.0688934199634774,1.077346075853486,1.0688934199634774
76,3.2652,1.0735311599101687,1.0716064181971643,1.0646686410808837,1.0676564299046274,1.0685838655245534,1.0645850599661468,1.0515249783880263,1.0484603872542793,1.0574749801871899,1.0567756119378062,1.0618622067009365,1.059907326941821,1.0500031051125522,1.0465733451118093,1.0497548457947603,1.0517010730414718,1.0438154814657532,1.0475278439434768,1.061455464661628,1.0578587608970378,1.053346223416302,1.0593748841821387,1.0584501416917995,1.0554240256902565,1.0584501416917995,1.0554240256902565
77,3.2654,1.0813863927819194,1.0771453380147418,1.0661432593471738,1.0644087614468327,1.0616818044538514,1.0619900780400404,1.0675150486209153,1.0638704155731826,1.0503834401688592,1.0491294265707614,1.0579011291962566,1.0592633827759848,1.056998491524633,1.0552854548522572,1.0534061936235577,1.0492994417900952,1.05830839604375,1.058692493912298,1.054976229018108,1.0525241108844339,1.064882120549468,1.0617475008444237,1.0694789566222531,1.0739273998816619,1.0694789566222531,1.0739273998816619
78,3.2656,1.072877548041495,1.077138232036811,1.0674236922825366,1.0665427184611516,1.0701351428385872,1.0683332941345725,1.053133823035842,1.0513255696441246,1.0680854688757253,1.0686152861149276,1.054047824688784,1.0539792506507426,1.0552539109071661,1.0519138355114943,1.0465197310156802,1.0432454372575861,1.0485191790054087,1.0481403511927443,1.0487693935627354,1.0490267587901487,1.0614428788874863,1.061442861903068,1.0496306620700193,1.053952533203963,1.0496306620700193,1.053952533203963
79,3.2658,1.0778864674571988,1.075688745279529,1.063065216495253,1.0567868424587095,1.0636899980869237,1.0638879873091758,1.0623123776364223,1.066555868342526,1.0694344470662434,1.0706656912540835,1.0441420750987107,1.0427904421283103,1.0645212761558964,1.071236841727262,1.0436650769349158,1.0467363370553293,1.0608907310774485,1.059147272314783,1.0517045085504508,1.0524495394722082,1.057899725429519,1.0535729804213851,1.06644249229969,1.0707849117662314,1.06644249229969,1.0707849117662314
80,3.266,1.0684077880583107,1.0679361462764525,1.0664629494947506,1.0623480790320032,1.0674840214116201,1.0643124983963625,1.0659980823989768,1.0676838061074054,1.0610904074507537,1.066790600859951,1.04722355038769,1.0495444103519997,1.058730551328158,1.0551387826425858,1.04735232652322,1.0493756526045463,1.044310456013043,1.0479444515288416,1.0405709170698956,1.0433241766095416,1.054229436114666,1.0551430657335068,1.0701692518800079,1.0659829813621464,1.0701692518800079,1.0659829813621464
81,3.2662,1.0738037039951085,1.067735545423015,1.0687426899005081,1.0607799623149348,1.0646413409689595,1.0638384830270902,1.0577563017551181,1.0577072159729153,1.0627545194795636,1.0630706487604868,1.0593782894067554,1.0572474881178422,1.0455851580677489,1.0502358104712874,1.052294605358877,1.0554015992925534,1.0543481056182873,1.0551319595079167,1.0707279234858944,1.07121021849934,1.0449770910900882,1.0433948430501776,1.0671200416547273,1.065278864218395,1.0671200416547273,1.065278864218395
82,3.2664,1.075701924511485,1.0789431136727057,1.0770676606585141,1.0766284380932365,1.0606630405848192,1.0637675506360207,1.0454357724820513,1.0448415231658699,1.0605500982882679,1.06118460936947,1.03543749106041,1.0342650763293808,1.056003579214205,1.0580810187639902,1.0651320354114377,1.064513641810499,1.0540742647979269,1.0514173789259258,1.0586567791367396,1.0580627302040333,1.055667835113928,1.0583087593179041,1.0619167107034326,1.065428130143146,1.0619167107034326,1.065428130143146
83,3.2666,1.0751960656210282,1.0791875467832044,1.0562443631709622,1.059266900579989,1.0609165151709932,1.0588746980852595,1.0648986271376335,1.0693199463688756,1.0556286218726147,1.0509792040860728,1.0581977237031173,1.0583537361543072,1.0500896846919994,1.0537313813867468,1.0476006634863828,1.0461078236922265,1.042648640255219,1.0463124971169937,1.0560244603176394,1.0522557669220518,1.0575017018919166,1.0583966221706582,1.0616298474977695,1.0619466494552952,1.0616298474977695,1.0619466494552952
84,3.2668,1.0807551291427997,1.0795954753325108,1.0606409113206248,1.0622700083086583,1.0664695395776556,1.0722081631782758,1.064173087705014,1.065266183500859,1.0504876644106986,1.055528579897098,1.0557685614882413,1.0559890234267921,1.0483606408347135,1.049594226408523,1.0570464823785086,1.0571709645335863,1.0488737132476915,1.0486358853262863,1.0569148806996502,1.0572959462338394,1.0569850186916725,1.0582043160016745,1.0679198731518944,1.0673702993716847,1.0679198731518944,1.0673702993716847
85,3.267,1.074059614986057,1.0747873108816448,1.067839021951775,1.0732828949612532,1.0606451924476372,1.0608179760795713,1.0570831226703739,1.056481064948632,1.0652419008192655,1.0659970207726,1.0568958456694963,1.0553066161650353,1.0490244173361085,1.0470743620444547,1.0451833902531669,1.0492362912404902,1.069096279824605,1.065164580470456,1.0568581147753773,1.059006629736018,1.0561180518972406,1.055237437558079,1.0657687501769368,1.0701639279373754,1.0657687501769368,1.0701639279373754
86,3.2672,1.0759880867653353,1.0762258510002516,1.0591049242410082,1.0551889820975353,1.0677669952747337,1.0676525876377025,1.0575876080629194,1.0570467047585888,1.0540397532526928,1.0560113130888178,1.0593978279607317,1.0594861264146522,1.0710602949707024,1.0693537230822672,1.0692896477588363,1.0678791084409058,1.059458108570495,1.0611371617103909,1.0617657558932463,1.0606046930160875,1.0573508107006955,1.0590839771877352,1.0729591462302013,1.0721907814663574,1.0729591462302013,1.0721907814663574
87,3.2674,1.0719255651750188,1.0704993316317515,1.0702263007482211,1.0691294240291203,1.0691614047333389,1.0720310389339436,1.0594646536816323,1.0573284013700386,1.058053846191573,1.0546970485295748,1.046643403711519,1.0520817187955305,1.0545871656684502,1.0515645656337371,1.0454052723090248,1.0428570161127562,1.0500080416544189,1.0502250531482697,1.060536887585033,1.0596211962849456,1.0558983857532311,1.058510871014314,1.0709434372044768,1.0734689718828627,1.0709434372044768,1.0734689718828627
88,3.2676,1.069231621406406,1.0631121925038323,1.0584455938875605,1.0610618604406479,1.064116444009042,1.0626096607872115,1.0700122888252503,1.0695979736788723,1.0642762969357864,1.0663195061107493,1.0641564829532713,1.0624884072002374,1.0514172847871763,1.0567554482601713,1.0335075663757936,1.0352903989005544,1.0495839504445923,1.0519412267399662,1.0580599863164366,1.057848455631775,1.062948214567125,1.0609924279414553,1.0716017177931043,1.066536032664278,1.0716017177931043,1.066536032664278
89,3.2678,1.0797941814590022,1.078977454142892,1.064061989637608,1.064375137022173,1.0619068560750324,1.0614399751559842,1.0633375886165504,1.0659668785093046,1.068095118640134,1.0677642305575363,1.0544789418461487,1.0587143269820078,1.0581577912908342,1.0559835767882755,1.0618879712655505,1.0650239498144565,1.0500151921042955,1.043963434196735,1.0414516285777362,1.0436182880425195,1.056435385846903,1.0557359557115644,1.0623416130231207,1.0610896139033312,1.0623416130231207,1.0610896139033312
90,3.268,1.0695455803088987,1.0734834337724366,1.058127543098789,1.0597118835915735,1.0619723213644319,1.0645753778713296,1.0611450224179246,1.0612881180233091,1.0512571519974228,1.0569310156688678,1.051121206956773,1.0490186385102795,1.0451475743826955,1.0449858344023644,1.043129653116698,1.0483077329250245,1.0550373663134645,1.0565161681643447,1.0546122310230517,1.0548380980957641,1.0683330430842113,1.0680061063916435,1.0666736806773087,1.0689289186011557,1.0666736806773087,1.0689289186011557
91,3.2682,1.0701150165352824,1.0715250894967738,1.063382487851677,1.0629821976419531,1.070630225019178,1.073460211961511,1.0500780687231785,1.0479216072437423,1.0611581535542722,1.0631218090223562,1.063750604641691,1.064990015030475,1.0533597491185902,1.0546680129634443,1.0627616383355718,1.0660277999872323,1.056683254318996,1.055684981575386,1.0520062260159853,1.0553539661944789,1.0624049218085383,1.0531218111108525,1.0678725045402486,1.0670134069559967,1.0678725045402486,1.0670134069559967
92,3.2684,1.073218275553238,1.0727763348765667,1.0683816754294193,1.0702886103743585,1.0595054627490479,1.0619277047051052,1.0682395281981947,1.0681168133012897,1.0549308337986119,1.054907454476562,1.045619814507889,1.050396054316758,1.0573146405962899,1.0539227047860058,1.0558095379545214,1.0548425751983668,1.0524119959049305,1.0564084110911407,1.059699654317508,1.0602835176003884,1.0653699722409031,1.0626325982308005,1.0620444556201043,1.0602614551201162,1.0620444556201043,1.0602614551201162
93,3.2686,1.0722550777936326,1.0756160941812418,1.0650172995770193,1.0599058284986111,1.0776649667508726,1.0677507062110305,1.051227728914235,1.0495564026310875,1.0581058055214099,1.060743091363372,1.039625699296969,1.0400367789894185,1.0625346640897044,1.060311458201517,1.0597344971093903,1.0585226934540968,1.0552875190243158,1.0550107276651939,1.0626549625348047,1.0608924840332126,1.0572004040404648,1.057288921871364,1.0602081880135725,1.0585382681187887,1.0602081880135725,1.0585382681187887
94,3.2688,1.061255699231705,1.0643803859483787,1.0696647034062263,1.0686823142099033,1.0600143819653882,1.063272639474273,1.0613610167103231,1.0605944810968964,1.0626026459972178,1.0582235702021046,1.0493723604986414,1.0485048949254048,1.0519235663391693,1.052591683690785,1.0471225876399002,1.0457776214360295,1.0560029692744415,1.0587441390260293,1.0469875660640495,1.0460997685510383,1.066661949102698,1.071553052242772,1.0665705465000688,1.064807520686583,1.0665705465000688,1.064807520686583
95,3.269,1.0825030697221965,1.0770626001547157,1.0713540196999092,1.0725455501619836,1.064642718448801,1.0628537806449554,1.0617702413629637,1.0616129794085978,1.0513216204519333,1.053031784439219,1.054802991999483,1.0568090620364203,1.0583147549273524,1.0559500910746935,1.0533467241829464,1.0539797828310205,1.0622789871710532,1.0599702927476822,1.0661492971220556,1.0674903262559707,1.0636419723222188,1.0661794225470889,1.0682961716926955,1.0724214600043291,1.0682961716926955,1.0724214600043291
96,3.2692,1.0720651956580671,1.0742587300221988,1.0576200923487065,1.0593779819082516,1.0688497094375826,1.0710485859922063,1.0601640517457722,1.062736968878183,1.0604097826742553,1.0610669218069482,1.0449143274211197,1.0445708985640951,1.0517355370815762,1.0517872457310216,1.0473088352415092,1.0473481099614965,1.0476102683357562,1.046417957766755,1.0529951136157942,1.052037632318954,1.0638482711805164,1.0653482796488336,1.073288722285921,1.0728995984381855,1.073288722285921,1.0728995984381855
97,3.2694,1.0735464307491756,1.0749225673422451,1.0645635687359118,1.063158122274153,1.0747569205068146,1.0741957158423545,1.0715543049605714,1.0731401129931604,1.050648236679503,1.0517856384896456,1.061004204292463,1.057732641295063,1.0692917217158562,1.0683383637829793,1.055895839837577,1.0561641524965166,1.054701041313607,1.0580725674031877,1.0526623375923965,1.0499063475307826,1.0586592647824498,1.0644388683650403,1.0690974078379334,1.0659109576594088,1.0690974078379334,1.0659109576594088
98,3.2696,1.0651719238924737,1.0706108324925852,1.0646429066181378,1.067600554104489,1.0589153514798848,1.0598792473888783,1.057741603995403,1.0610082651659034,1.0604212737709626,1.0581842925204277,1.0450313244519345,1.048633104899525,1.059312513055624,1.0569403075167496,1.0450982441562795,1.0472648254745127,1.0584474210857302,1.0624723980712483,1.0580872667434102,1.0567074136605514,1.0624794124245847,1.059973198065092,1.0685156671553402,1.0681342231451334,1.0685156671553402,1.0681342231451334
99,3.2698,1.0691973729361357,1.0686219246112088,1.0626217774854532,1.066952441461248,1.0651728146832689,1.064993299642157,1.0568432181644893,1.0581051010308575,1.0686037283798755,1.0638647329640116,1.0662271297040282,1.066752275897401,1.0629587671552037,1.0588961059836066,1.068011973722535,1.0690302665098415,1.0470995683328623,1.0446404700376957,1.0723138423286143,1.0663108845077818,1.0597152699925765,1.0594265765439186,1.0679223541768612,1.0649951081848612,1.0679223541768612,1.0649951081848612
100,3.27,1.073235313671456,1.0720508422805968,1.074107774716409,1.0700266365868893,1.054240038006017,1.0576643482956865,1.068121762218537,1.0713840960435503,1.0665092658088027,1.0647851395838612,1.0546362972821934,1.0548841855342832,1.055148527290719,1.0547595435837274,1.0548551515153695,1.055294591368042,1.0657636242187234,1.0623910980881874,1.0640842255098366,1.0591490203114704,1.0564242025057513,1.0593957504589984,1.0690510128573223,1.0668893483387887,1.0690510128573223,1.0668893483387887
